,ID,Date Created,Sender,Recipient,Subject,Body,File name,File type,File size,Email Size
0,rtr7ujmcCzUrySQM6EkXXDSVNZhOOMstTE8E4pCn_IE=@mailhog.example,"Sat, 08 Oct 2022 20:25:31 -0700 (UTC)",mickey@gmail.com,mouse@gmail.com,test,"--===============4983815313789658986==
Content-Type: text/x-python
MIME-Version: 1.0
Content-Transfer-Encoding: base64
Content-Disposition: attachment; filename=""test.py""

IyBUaGlzIHNjcmlwdCBpcyB1c2VkIHRvIGdlbmVyYXRlICJub3JtYWwiIGVtYWlsIHRyYWZmaWMg
b24gdGhlIG1haWwgc2VydmVyCgppbXBvcnQgb3MKaW1wb3J0IHN5cwppbXBvcnQgc210cGxpYgpp
bXBvcnQgZGF0ZXRpbWUKaW1wb3J0IHJhbmRvbQpmcm9tIGRhdGV0aW1lIGltcG9ydCB0aW1lZGVs
dGEKaW1wb3J0IGVtYWlsCgpmcm9tIGVtYWlsLm1pbWUudGV4dCBpbXBvcnQgTUlNRVRleHQKZnJv
bSBlbWFpbC5taW1lLmJhc2UgaW1wb3J0IE1JTUVCYXNlCmZyb20gZW1haWwubWltZS5tdWx0aXBh
cnQgaW1wb3J0IE1JTUVNdWx0aXBhcnQKCmZyb21BZGRyZXNzZXMgPSAoCiAgICAiYWRhbUBleGFt
cGxlLmNvbSIsCiAgICAidGVzdEB0ZXN0LmNvbSIsCiAgICAidGVzdEBnbWFpbC5jb20iLAogICAg
ImZhYmlvQHlhaG9vLmNvbSIsCikKCnRvQWRkcmVzc2VzID0gKAogICAgImFkbWluQGV4YW1wbGUu
Y29tIiwKICAgICJ0ZXN0QGV4YW1wbGUuY29tIgopCgpEQVRFX0ZPUk1BVF8xID0gIiVhLCAlZCAl
YiAlWSAlSDolTTolUyAtMDcwMCAoVVRDKSIKCnVzZVNTTCA9IEZhbHNlCmFkZHJlc3MgPSAiMTky
LjE2OC45MS41IgpzbXRwUG9ydCA9IDEwMjUKCgpkZWYgbWFrZUhUTUxNZXNzYWdlKHN1YmplY3Qs
IGRhdGUsIGRhdGVGb3JtYXQsIGJvZHkpOgogICAgbXNnID0gTUlNRU11bHRpcGFydCgpCiAgICBo
dG1sID0gTUlNRVRleHQoYm9keSwgImh0bWwiKQoKICAgIG1zZ1siU3ViamVjdCJdID0gc3ViamVj
dAogICAgbXNnWyJGcm9tIl0gPSBnZXRSYW5kb21Gcm9tKCkKICAgIG1zZ1siVG8iXSA9IGdldFJh
bmRvbVRvKCkKICAgIG1zZ1siRGF0ZSJdID0gZGF0ZS5zdHJmdGltZShkYXRlRm9ybWF0KQoKICAg
IG1zZy5hdHRhY2goaHRtbCkKICAgIHJldHVybiBtc2cKCgpkZWYgbWFrZVRleHRNZXNzYWdlKHN1
YmplY3QsIGRhdGUsIGRhdGVGb3JtYXQsIGJvZHksIG11bHRpcGFydD1GYWxzZSk6CiAgICBpZiBt
dWx0aXBhcnQ6CiAgICAgICAgbXNnID0gTUlNRU11bHRpcGFydCgpCiAgICAgICAgbXNnLmF0dGFj
aChNSU1FVGV4dChib2R5KSkKICAgIGVsc2U6CiAgICAgICAgbXNnID0gTUlNRVRleHQoYm9keSkK
CiAgICBtc2dbIlN1YmplY3QiXSA9IHN1YmplY3QKICAgIG1zZ1siRnJvbSJdID0gZ2V0UmFuZG9t
RnJvbSgpCiAgICBtc2dbIlRvIl0gPSBnZXRSYW5kb21UbygpCiAgICBtc2dbIkRhdGUiXSA9IGRh
dGUuc3RyZnRpbWUoZGF0ZUZvcm1hdCkKCiAgICByZXR1cm4gbXNnCiAgICAKZGVmIG1ha2VUZXh0
TWVzc2FnZTIoc3ViamVjdCwgc2VuZGVyLCByZWNpcGllbnQsIGRhdGUsIGRhdGVGb3JtYXQsIGJv
ZHksIG11bHRpcGFydD1GYWxzZSk6CiAgICBpZiBtdWx0aXBhcnQ6CiAgICAgICAgbXNnID0gTUlN
RU11bHRpcGFydCgpCiAgICAgICAgbXNnLmF0dGFjaChNSU1FVGV4dChib2R5KSkKICAgIGVsc2U6
CiAgICAgICAgbXNnID0gTUlNRVRleHQoYm9keSkKCiAgICBtc2dbIlN1YmplY3QiXSA9IHN1Ympl
Y3QKICAgIG1zZ1siRnJvbSJdID0gc2VuZGVyCiAgICBtc2dbIlRvIl0gPSByZWNpcGllbnQKICAg
IG1zZ1siRGF0ZSJdID0gZGF0ZS5zdHJmdGltZShkYXRlRm9ybWF0KQoKICAgIHJldHVybiBtc2cK
CgpkZWYgbWFrZU11bHRpcGFydE1lc3NhZ2Uoc3ViamVjdCwgZGF0ZSwgZGF0ZUZvcm1hdCwgdGV4
dEJvZHksIGh0bWxCb2R5KToKICAgIG1zZyA9IE1JTUVNdWx0aXBhcnQoKQogICAgaHRtbCA9IE1J
TUVUZXh0KGh0bWxCb2R5LCAiaHRtbCIpCiAgICB0ZXh0ID0gTUlNRVRleHQodGV4dEJvZHkpCgog
ICAgbXNnWyJTdWJqZWN0Il0gPSBzdWJqZWN0CiAgICBtc2dbIkZyb20iXSA9IGdldFJhbmRvbUZy
b20oKQogICAgbXNnWyJUbyJdID0gZ2V0UmFuZG9tVG8oKQogICAgbXNnWyJEYXRlIl0gPSBkYXRl
LnN0cmZ0aW1lKGRhdGVGb3JtYXQpCgogICAgbXNnLmF0dGFjaCh0ZXh0KQogICAgbXNnLmF0dGFj
aChodG1sKQogICAgcmV0dXJuIG1zZwoKCmRlZiBhZGRBdHRhY2htZW50KHN1YmplY3QsIGZpbGVu
YW1lLCBjb250ZW50VHlwZSwgc2VuZGVyLCByZWNlcGllbnQsIGJhc2U2NEVuY29kZT1UcnVlKToK
ICAgIG1zZyA9IE1JTUVNdWx0aXBhcnQoKQoKICAgIG1zZ1siU3ViamVjdCJdID0gc3ViamVjdAog
ICAgbXNnWyJGcm9tIl0gPSBzZW5kZXIKICAgIG1zZ1siVG8iXSA9IHJlY2VwaWVudAogICAgbXNn
WyJEYXRlIl0gPSBkYXRldGltZS5kYXRldGltZS5ub3coKS5zdHJmdGltZShEQVRFX0ZPUk1BVF8x
KQoKICAgIGNvbnRlbnRUeXBlU3BsaXQgPSBjb250ZW50VHlwZS5zcGxpdCgiLyIpCgogICAgcGFy
dCA9IE1JTUVCYXNlKGNvbnRlbnRUeXBlU3BsaXRbMF0sIGNvbnRlbnRUeXBlU3BsaXRbMV0pCiAg
ICBwYXJ0LnNldF9wYXlsb2FkKG9wZW4oZmlsZW5hbWUsICJyYiIpLnJlYWQoKSkKICAgIGVtYWls
LmVuY29kZXJzLmVuY29kZV9iYXNlNjQocGFydCkKICAgICNwYXJ0LmFkZF9oZWFkZXIoIkNvbnRl
bnQtVHlwZSIsIGNvbnRlbnRUeXBlKQogICAgcGFydC5hZGRfaGVhZGVyKCJDb250ZW50LURpc3Bv
c2l0aW9uIiwKICAgICAgICAgICAgICAgICAgICAiYXR0YWNobWVudDsgZmlsZW5hbWU9XCJ7MH1c
IiIuZm9ybWF0KG9zLnBhdGguYmFzZW5hbWUoZmlsZW5hbWUpKSkKCiAgICBtc2cuYXR0YWNoKHBh
cnQpCiAgICByZXR1cm4gbXNnCgoKZGVmIGdldFJhbmRvbUZyb20oKToKICAgIHJldHVybiBmcm9t
QWRkcmVzc2VzW3JhbmRvbS5yYW5kaW50KDAsIGxlbihmcm9tQWRkcmVzc2VzKSAtIDEpXQoKCmRl
ZiBnZXRSYW5kb21UbygpOgogICAgcmV0dXJuIHRvQWRkcmVzc2VzW3JhbmRvbS5yYW5kaW50KDAs
IGxlbih0b0FkZHJlc3NlcykgLSAxKV0KCgpkZWYgc2VuZE1haWwobXNnKToKICAgIGlmIG5vdCB1
c2VTU0w6CiAgICAgICAgc2VydmVyID0gc210cGxpYi5TTVRQKCJ7MH06ezF9Ii5mb3JtYXQoYWRk
cmVzcywgc210cFBvcnQpKQogICAgZWxzZToKICAgICAgICBzZXJ2ZXIgPSBzbXRwbGliLlNNVFBf
U1NMKCJ7MH06ezF9Ii5mb3JtYXQoYWRkcmVzcywgc210cFBvcnQpKQoKICAgIGZyb21BZGRyZXNz
ID0gbXNnWyJGcm9tIl0KICAgIHRvID0gW21zZ1siVG8iXV0KCiAgICBzZXJ2ZXIuc2VuZG1haWwo
ZnJvbUFkZHJlc3MsIHRvLCBtc2cuYXNfc3RyaW5nKCkpCiAgICBzZXJ2ZXIucXVpdCgpCgojCiMg
U2VlZCB0aGUgcmFuZG9tIGdlbmVyYXRvcgojCmRlZiBtYWluKCk6CiAgICByYW5kb20uc2VlZChk
YXRldGltZS5kYXRldGltZS5ub3coKS50aW1lc3RhbXAoKSkKCiAgICBjaG9pY2UgPSBbbWFrZUhU
TUxNZXNzYWdlKAogICAgICAgICAgICAiV2VpcmQgVE8gQWRkcmVzcyIsCiAgICAgICAgICAgIGRh
dGV0aW1lLmRhdGV0aW1lLm5vdygpLAogICAgICAgICAgICBEQVRFX0ZPUk1BVF8xLAogICAgICAg
ICAgICAiPHA+VGhpcyBpcyBhbiBlbWFpbCBzZW50IHRvIGFuIGFkZHJlc3Mgd2l0aCAnZGF0YScg
aW4gdGhlIFRPIGZpZWxkLjwvcD4iCiAgICAgICAgKSwgbWFrZVRleHRNZXNzYWdlKAogICAgICAg
ICAgICAiUGxhaW4gVGV4dCBFbWFpbCIsCiAgICAgICAgICAgIGRhdGV0aW1lLmRhdGV0aW1lLm5v
dygpLAogICAgICAgICAgICBEQVRFX0ZPUk1BVF8xLAogICAgICAgICAgICAiVGhpcyBpcyBhIHBs
YWluIHRleHQgZW1haWwuXG5cblNpbmNlcmVseSxcbkFkYW0gUHJlc2xleSIKICAgICAgICApLCBt
YWtlVGV4dE1lc3NhZ2UoCiAgICAgICAgICAgICJQbGFpbiBUZXh0IEVtYWlsIHdpdGggc3BlY2lh
bCBjaGFyYWN0ZXJzICjDoSwgw6ksIMOtLCDDsywgw7opIiwKICAgICAgICAgICAgZGF0ZXRpbWUu
ZGF0ZXRpbWUubm93KCksCiAgICAgICAgICAgIERBVEVfRk9STUFUXzEsCiAgICAgICAgICAgICJU
aGlzIGlzIGEgcGxhaW4gdGV4dCBlbWFpbCB3aXRoIHNwZWNpYWwgY2hhcmFjdGVycyBpbiB0aGUg
c3ViamVjdC5cbijDoSwgw6ksIMOtLCDDsywgw7opXG5cblNpbmNlcmVseSxcbkFkYW0gUHJlc2xl
eSIKICAgICAgICApXQoKICAgIHRyeToKICAgICAgICBpZiBsZW4oc3lzLmFyZ3YpID09IDIgYW5k
IHN5cy5hcmd2WzFdLmlzbnVtZXJpYygpOgogICAgICAgICAgICBmb3IgXyBpbiByYW5nZShpbnQo
c3lzLmFyZ3ZbMV0pKToKICAgICAgICAgICAgICAgIG1zZyA9IHJhbmRvbS5jaG9pY2UoY2hvaWNl
KQogICAgICAgICAgICAgICAgc2VuZE1haWwobXNnKSAgICAKICAgICAgICBlbGlmIGxlbihzeXMu
YXJndikgPT0gMzoKICAgICAgICAgICAgbXNnID0gbWFrZVRleHRNZXNzYWdlMigKICAgICAgICAg
ICAgIlBsYWluIFRleHQgRW1haWwiLCBzeXMuYXJndlsxXSwgc3lzLmFyZ3ZbMl0sIAogICAgICAg
ICAgICBkYXRldGltZS5kYXRldGltZS5ub3coKSwKICAgICAgICAgICAgREFURV9GT1JNQVRfMSwK
ICAgICAgICAgICAgIlRoaXMgaXMgYSBwbGFpbiB0ZXh0IGVtYWlsLlxuXG5TaW5jZXJlbHksXG5B
ZGFtIFByZXNsZXkiKQogICAgICAgICAgICBzZW5kTWFpbChtc2cpCiAgICAgICAgZWxpZiBsZW4o
c3lzLmFyZ3YpID09IDY6CiAgICAgICAgICAgICMgc3ViamVjdCwgZmlsZW5hbWUsIGNvbnRlbnRU
eXBlLCBzZW5kZXIsIHJlY2VwaWVudAogICAgICAgICAgICBuZXdfbXNnID0gYWRkQXR0YWNobWVu
dChzeXMuYXJndlsxXSwgc3lzLmFyZ3ZbMl0sIHN5cy5hcmd2WzNdLCBzeXMuYXJndls0XSwgc3lz
LmFyZ3ZbNV0pCiAgICAgICAgICAgIHNlbmRNYWlsKG5ld19tc2cpCiAgICAgICAgZWxzZToKICAg
ICAgICAgICAgbXNnID0gcmFuZG9tLmNob2ljZShjaG9pY2UpCgogICAgICAgICAgICBzZW5kTWFp
bChtc2cpCiAgICAgIAoKICAgIGV4Y2VwdCBFeGNlcHRpb24gYXMgZToKICAgICAgICBwcmludChm
IkFuIGVycm9yIG9jY3VycmVkIHdoaWxlIHRyeWluZyB0byBjb25uZWN0IGFuZCBzZW5kIHRoZSBl
bWFpbDoge2V9IikKICAgICAgICBwcmludChzeXMuZXhjX2luZm8oKSkKCmlmIF9fbmFtZV9fID09
ICJfX21haW5fXyI6CiAgICBtYWluKCkK

--===============4983815313789658986==--","[{'Headers': {'Content-Disposition': ['attachment; filename=""test.py""'], 'Content-Transfer-Encoding': ['base64'], 'Content-Type': ['text/x-python'], 'MIME-Version': ['1.0']}, 'Body': 'IyBUaGlzIHNjcmlwdCBpcyB1c2VkIHRvIGdlbmVyYXRlICJub3JtYWwiIGVtYWlsIHRyYWZmaWMg\r\nb24gdGhlIG1haWwgc2VydmVyCgppbXBvcnQgb3MKaW1wb3J0IHN5cwppbXBvcnQgc210cGxpYgpp\r\nbXBvcnQgZGF0ZXRpbWUKaW1wb3J0IHJhbmRvbQpmcm9tIGRhdGV0aW1lIGltcG9ydCB0aW1lZGVs\r\ndGEKaW1wb3J0IGVtYWlsCgpmcm9tIGVtYWlsLm1pbWUudGV4dCBpbXBvcnQgTUlNRVRleHQKZnJv\r\nbSBlbWFpbC5taW1lLmJhc2UgaW1wb3J0IE1JTUVCYXNlCmZyb20gZW1haWwubWltZS5tdWx0aXBh\r\ncnQgaW1wb3J0IE1JTUVNdWx0aXBhcnQKCmZyb21BZGRyZXNzZXMgPSAoCiAgICAiYWRhbUBleGFt\r\ncGxlLmNvbSIsCiAgICAidGVzdEB0ZXN0LmNvbSIsCiAgICAidGVzdEBnbWFpbC5jb20iLAogICAg\r\nImZhYmlvQHlhaG9vLmNvbSIsCikKCnRvQWRkcmVzc2VzID0gKAogICAgImFkbWluQGV4YW1wbGUu\r\nY29tIiwKICAgICJ0ZXN0QGV4YW1wbGUuY29tIgopCgpEQVRFX0ZPUk1BVF8xID0gIiVhLCAlZCAl\r\nYiAlWSAlSDolTTolUyAtMDcwMCAoVVRDKSIKCnVzZVNTTCA9IEZhbHNlCmFkZHJlc3MgPSAiMTky\r\nLjE2OC45MS41IgpzbXRwUG9ydCA9IDEwMjUKCgpkZWYgbWFrZUhUTUxNZXNzYWdlKHN1YmplY3Qs\r\nIGRhdGUsIGRhdGVGb3JtYXQsIGJvZHkpOgogICAgbXNnID0gTUlNRU11bHRpcGFydCgpCiAgICBo\r\ndG1sID0gTUlNRVRleHQoYm9keSwgImh0bWwiKQoKICAgIG1zZ1siU3ViamVjdCJdID0gc3ViamVj\r\ndAogICAgbXNnWyJGcm9tIl0gPSBnZXRSYW5kb21Gcm9tKCkKICAgIG1zZ1siVG8iXSA9IGdldFJh\r\nbmRvbVRvKCkKICAgIG1zZ1siRGF0ZSJdID0gZGF0ZS5zdHJmdGltZShkYXRlRm9ybWF0KQoKICAg\r\nIG1zZy5hdHRhY2goaHRtbCkKICAgIHJldHVybiBtc2cKCgpkZWYgbWFrZVRleHRNZXNzYWdlKHN1\r\nYmplY3QsIGRhdGUsIGRhdGVGb3JtYXQsIGJvZHksIG11bHRpcGFydD1GYWxzZSk6CiAgICBpZiBt\r\ndWx0aXBhcnQ6CiAgICAgICAgbXNnID0gTUlNRU11bHRpcGFydCgpCiAgICAgICAgbXNnLmF0dGFj\r\naChNSU1FVGV4dChib2R5KSkKICAgIGVsc2U6CiAgICAgICAgbXNnID0gTUlNRVRleHQoYm9keSkK\r\nCiAgICBtc2dbIlN1YmplY3QiXSA9IHN1YmplY3QKICAgIG1zZ1siRnJvbSJdID0gZ2V0UmFuZG9t\r\nRnJvbSgpCiAgICBtc2dbIlRvIl0gPSBnZXRSYW5kb21UbygpCiAgICBtc2dbIkRhdGUiXSA9IGRh\r\ndGUuc3RyZnRpbWUoZGF0ZUZvcm1hdCkKCiAgICByZXR1cm4gbXNnCiAgICAKZGVmIG1ha2VUZXh0\r\nTWVzc2FnZTIoc3ViamVjdCwgc2VuZGVyLCByZWNpcGllbnQsIGRhdGUsIGRhdGVGb3JtYXQsIGJv\r\nZHksIG11bHRpcGFydD1GYWxzZSk6CiAgICBpZiBtdWx0aXBhcnQ6CiAgICAgICAgbXNnID0gTUlN\r\nRU11bHRpcGFydCgpCiAgICAgICAgbXNnLmF0dGFjaChNSU1FVGV4dChib2R5KSkKICAgIGVsc2U6\r\nCiAgICAgICAgbXNnID0gTUlNRVRleHQoYm9keSkKCiAgICBtc2dbIlN1YmplY3QiXSA9IHN1Ympl\r\nY3QKICAgIG1zZ1siRnJvbSJdID0gc2VuZGVyCiAgICBtc2dbIlRvIl0gPSByZWNpcGllbnQKICAg\r\nIG1zZ1siRGF0ZSJdID0gZGF0ZS5zdHJmdGltZShkYXRlRm9ybWF0KQoKICAgIHJldHVybiBtc2cK\r\nCgpkZWYgbWFrZU11bHRpcGFydE1lc3NhZ2Uoc3ViamVjdCwgZGF0ZSwgZGF0ZUZvcm1hdCwgdGV4\r\ndEJvZHksIGh0bWxCb2R5KToKICAgIG1zZyA9IE1JTUVNdWx0aXBhcnQoKQogICAgaHRtbCA9IE1J\r\nTUVUZXh0KGh0bWxCb2R5LCAiaHRtbCIpCiAgICB0ZXh0ID0gTUlNRVRleHQodGV4dEJvZHkpCgog\r\nICAgbXNnWyJTdWJqZWN0Il0gPSBzdWJqZWN0CiAgICBtc2dbIkZyb20iXSA9IGdldFJhbmRvbUZy\r\nb20oKQogICAgbXNnWyJUbyJdID0gZ2V0UmFuZG9tVG8oKQogICAgbXNnWyJEYXRlIl0gPSBkYXRl\r\nLnN0cmZ0aW1lKGRhdGVGb3JtYXQpCgogICAgbXNnLmF0dGFjaCh0ZXh0KQogICAgbXNnLmF0dGFj\r\naChodG1sKQogICAgcmV0dXJuIG1zZwoKCmRlZiBhZGRBdHRhY2htZW50KHN1YmplY3QsIGZpbGVu\r\nYW1lLCBjb250ZW50VHlwZSwgc2VuZGVyLCByZWNlcGllbnQsIGJhc2U2NEVuY29kZT1UcnVlKToK\r\nICAgIG1zZyA9IE1JTUVNdWx0aXBhcnQoKQoKICAgIG1zZ1siU3ViamVjdCJdID0gc3ViamVjdAog\r\nICAgbXNnWyJGcm9tIl0gPSBzZW5kZXIKICAgIG1zZ1siVG8iXSA9IHJlY2VwaWVudAogICAgbXNn\r\nWyJEYXRlIl0gPSBkYXRldGltZS5kYXRldGltZS5ub3coKS5zdHJmdGltZShEQVRFX0ZPUk1BVF8x\r\nKQoKICAgIGNvbnRlbnRUeXBlU3BsaXQgPSBjb250ZW50VHlwZS5zcGxpdCgiLyIpCgogICAgcGFy\r\ndCA9IE1JTUVCYXNlKGNvbnRlbnRUeXBlU3BsaXRbMF0sIGNvbnRlbnRUeXBlU3BsaXRbMV0pCiAg\r\nICBwYXJ0LnNldF9wYXlsb2FkKG9wZW4oZmlsZW5hbWUsICJyYiIpLnJlYWQoKSkKICAgIGVtYWls\r\nLmVuY29kZXJzLmVuY29kZV9iYXNlNjQocGFydCkKICAgICNwYXJ0LmFkZF9oZWFkZXIoIkNvbnRl\r\nbnQtVHlwZSIsIGNvbnRlbnRUeXBlKQogICAgcGFydC5hZGRfaGVhZGVyKCJDb250ZW50LURpc3Bv\r\nc2l0aW9uIiwKICAgICAgICAgICAgICAgICAgICAiYXR0YWNobWVudDsgZmlsZW5hbWU9XCJ7MH1c\r\nIiIuZm9ybWF0KG9zLnBhdGguYmFzZW5hbWUoZmlsZW5hbWUpKSkKCiAgICBtc2cuYXR0YWNoKHBh\r\ncnQpCiAgICByZXR1cm4gbXNnCgoKZGVmIGdldFJhbmRvbUZyb20oKToKICAgIHJldHVybiBmcm9t\r\nQWRkcmVzc2VzW3JhbmRvbS5yYW5kaW50KDAsIGxlbihmcm9tQWRkcmVzc2VzKSAtIDEpXQoKCmRl\r\nZiBnZXRSYW5kb21UbygpOgogICAgcmV0dXJuIHRvQWRkcmVzc2VzW3JhbmRvbS5yYW5kaW50KDAs\r\nIGxlbih0b0FkZHJlc3NlcykgLSAxKV0KCgpkZWYgc2VuZE1haWwobXNnKToKICAgIGlmIG5vdCB1\r\nc2VTU0w6CiAgICAgICAgc2VydmVyID0gc210cGxpYi5TTVRQKCJ7MH06ezF9Ii5mb3JtYXQoYWRk\r\ncmVzcywgc210cFBvcnQpKQogICAgZWxzZToKICAgICAgICBzZXJ2ZXIgPSBzbXRwbGliLlNNVFBf\r\nU1NMKCJ7MH06ezF9Ii5mb3JtYXQoYWRkcmVzcywgc210cFBvcnQpKQoKICAgIGZyb21BZGRyZXNz\r\nID0gbXNnWyJGcm9tIl0KICAgIHRvID0gW21zZ1siVG8iXV0KCiAgICBzZXJ2ZXIuc2VuZG1haWwo\r\nZnJvbUFkZHJlc3MsIHRvLCBtc2cuYXNfc3RyaW5nKCkpCiAgICBzZXJ2ZXIucXVpdCgpCgojCiMg\r\nU2VlZCB0aGUgcmFuZG9tIGdlbmVyYXRvcgojCmRlZiBtYWluKCk6CiAgICByYW5kb20uc2VlZChk\r\nYXRldGltZS5kYXRldGltZS5ub3coKS50aW1lc3RhbXAoKSkKCiAgICBjaG9pY2UgPSBbbWFrZUhU\r\nTUxNZXNzYWdlKAogICAgICAgICAgICAiV2VpcmQgVE8gQWRkcmVzcyIsCiAgICAgICAgICAgIGRh\r\ndGV0aW1lLmRhdGV0aW1lLm5vdygpLAogICAgICAgICAgICBEQVRFX0ZPUk1BVF8xLAogICAgICAg\r\nICAgICAiPHA+VGhpcyBpcyBhbiBlbWFpbCBzZW50IHRvIGFuIGFkZHJlc3Mgd2l0aCAnZGF0YScg\r\naW4gdGhlIFRPIGZpZWxkLjwvcD4iCiAgICAgICAgKSwgbWFrZVRleHRNZXNzYWdlKAogICAgICAg\r\nICAgICAiUGxhaW4gVGV4dCBFbWFpbCIsCiAgICAgICAgICAgIGRhdGV0aW1lLmRhdGV0aW1lLm5v\r\ndygpLAogICAgICAgICAgICBEQVRFX0ZPUk1BVF8xLAogICAgICAgICAgICAiVGhpcyBpcyBhIHBs\r\nYWluIHRleHQgZW1haWwuXG5cblNpbmNlcmVseSxcbkFkYW0gUHJlc2xleSIKICAgICAgICApLCBt\r\nYWtlVGV4dE1lc3NhZ2UoCiAgICAgICAgICAgICJQbGFpbiBUZXh0IEVtYWlsIHdpdGggc3BlY2lh\r\nbCBjaGFyYWN0ZXJzICjDoSwgw6ksIMOtLCDDsywgw7opIiwKICAgICAgICAgICAgZGF0ZXRpbWUu\r\nZGF0ZXRpbWUubm93KCksCiAgICAgICAgICAgIERBVEVfRk9STUFUXzEsCiAgICAgICAgICAgICJU\r\naGlzIGlzIGEgcGxhaW4gdGV4dCBlbWFpbCB3aXRoIHNwZWNpYWwgY2hhcmFjdGVycyBpbiB0aGUg\r\nc3ViamVjdC5cbijDoSwgw6ksIMOtLCDDsywgw7opXG5cblNpbmNlcmVseSxcbkFkYW0gUHJlc2xl\r\neSIKICAgICAgICApXQoKICAgIHRyeToKICAgICAgICBpZiBsZW4oc3lzLmFyZ3YpID09IDIgYW5k\r\nIHN5cy5hcmd2WzFdLmlzbnVtZXJpYygpOgogICAgICAgICAgICBmb3IgXyBpbiByYW5nZShpbnQo\r\nc3lzLmFyZ3ZbMV0pKToKICAgICAgICAgICAgICAgIG1zZyA9IHJhbmRvbS5jaG9pY2UoY2hvaWNl\r\nKQogICAgICAgICAgICAgICAgc2VuZE1haWwobXNnKSAgICAKICAgICAgICBlbGlmIGxlbihzeXMu\r\nYXJndikgPT0gMzoKICAgICAgICAgICAgbXNnID0gbWFrZVRleHRNZXNzYWdlMigKICAgICAgICAg\r\nICAgIlBsYWluIFRleHQgRW1haWwiLCBzeXMuYXJndlsxXSwgc3lzLmFyZ3ZbMl0sIAogICAgICAg\r\nICAgICBkYXRldGltZS5kYXRldGltZS5ub3coKSwKICAgICAgICAgICAgREFURV9GT1JNQVRfMSwK\r\nICAgICAgICAgICAgIlRoaXMgaXMgYSBwbGFpbiB0ZXh0IGVtYWlsLlxuXG5TaW5jZXJlbHksXG5B\r\nZGFtIFByZXNsZXkiKQogICAgICAgICAgICBzZW5kTWFpbChtc2cpCiAgICAgICAgZWxpZiBsZW4o\r\nc3lzLmFyZ3YpID09IDY6CiAgICAgICAgICAgICMgc3ViamVjdCwgZmlsZW5hbWUsIGNvbnRlbnRU\r\neXBlLCBzZW5kZXIsIHJlY2VwaWVudAogICAgICAgICAgICBuZXdfbXNnID0gYWRkQXR0YWNobWVu\r\ndChzeXMuYXJndlsxXSwgc3lzLmFyZ3ZbMl0sIHN5cy5hcmd2WzNdLCBzeXMuYXJndls0XSwgc3lz\r\nLmFyZ3ZbNV0pCiAgICAgICAgICAgIHNlbmRNYWlsKG5ld19tc2cpCiAgICAgICAgZWxzZToKICAg\r\nICAgICAgICAgbXNnID0gcmFuZG9tLmNob2ljZShjaG9pY2UpCgogICAgICAgICAgICBzZW5kTWFp\r\nbChtc2cpCiAgICAgIAoKICAgIGV4Y2VwdCBFeGNlcHRpb24gYXMgZToKICAgICAgICBwcmludChm\r\nIkFuIGVycm9yIG9jY3VycmVkIHdoaWxlIHRyeWluZyB0byBjb25uZWN0IGFuZCBzZW5kIHRoZSBl\r\nbWFpbDoge2V9IikKICAgICAgICBwcmludChzeXMuZXhjX2luZm8oKSkKCmlmIF9fbmFtZV9fID09\r\nICJfX21haW5fXyI6CiAgICBtYWluKCkK', 'Size': 6878, 'MIME': None}, {'Headers': {}, 'Body': '--', 'Size': 2, 'MIME': None}]","[{'Headers': {'Content-Disposition': ['attachment; filename=""test.py""'], 'Content-Transfer-Encoding': ['base64'], 'Content-Type': ['text/x-python'], 'MIME-Version': ['1.0']}, 'Body': 'IyBUaGlzIHNjcmlwdCBpcyB1c2VkIHRvIGdlbmVyYXRlICJub3JtYWwiIGVtYWlsIHRyYWZmaWMg\r\nb24gdGhlIG1haWwgc2VydmVyCgppbXBvcnQgb3MKaW1wb3J0IHN5cwppbXBvcnQgc210cGxpYgpp\r\nbXBvcnQgZGF0ZXRpbWUKaW1wb3J0IHJhbmRvbQpmcm9tIGRhdGV0aW1lIGltcG9ydCB0aW1lZGVs\r\ndGEKaW1wb3J0IGVtYWlsCgpmcm9tIGVtYWlsLm1pbWUudGV4dCBpbXBvcnQgTUlNRVRleHQKZnJv\r\nbSBlbWFpbC5taW1lLmJhc2UgaW1wb3J0IE1JTUVCYXNlCmZyb20gZW1haWwubWltZS5tdWx0aXBh\r\ncnQgaW1wb3J0IE1JTUVNdWx0aXBhcnQKCmZyb21BZGRyZXNzZXMgPSAoCiAgICAiYWRhbUBleGFt\r\ncGxlLmNvbSIsCiAgICAidGVzdEB0ZXN0LmNvbSIsCiAgICAidGVzdEBnbWFpbC5jb20iLAogICAg\r\nImZhYmlvQHlhaG9vLmNvbSIsCikKCnRvQWRkcmVzc2VzID0gKAogICAgImFkbWluQGV4YW1wbGUu\r\nY29tIiwKICAgICJ0ZXN0QGV4YW1wbGUuY29tIgopCgpEQVRFX0ZPUk1BVF8xID0gIiVhLCAlZCAl\r\nYiAlWSAlSDolTTolUyAtMDcwMCAoVVRDKSIKCnVzZVNTTCA9IEZhbHNlCmFkZHJlc3MgPSAiMTky\r\nLjE2OC45MS41IgpzbXRwUG9ydCA9IDEwMjUKCgpkZWYgbWFrZUhUTUxNZXNzYWdlKHN1YmplY3Qs\r\nIGRhdGUsIGRhdGVGb3JtYXQsIGJvZHkpOgogICAgbXNnID0gTUlNRU11bHRpcGFydCgpCiAgICBo\r\ndG1sID0gTUlNRVRleHQoYm9keSwgImh0bWwiKQoKICAgIG1zZ1siU3ViamVjdCJdID0gc3ViamVj\r\ndAogICAgbXNnWyJGcm9tIl0gPSBnZXRSYW5kb21Gcm9tKCkKICAgIG1zZ1siVG8iXSA9IGdldFJh\r\nbmRvbVRvKCkKICAgIG1zZ1siRGF0ZSJdID0gZGF0ZS5zdHJmdGltZShkYXRlRm9ybWF0KQoKICAg\r\nIG1zZy5hdHRhY2goaHRtbCkKICAgIHJldHVybiBtc2cKCgpkZWYgbWFrZVRleHRNZXNzYWdlKHN1\r\nYmplY3QsIGRhdGUsIGRhdGVGb3JtYXQsIGJvZHksIG11bHRpcGFydD1GYWxzZSk6CiAgICBpZiBt\r\ndWx0aXBhcnQ6CiAgICAgICAgbXNnID0gTUlNRU11bHRpcGFydCgpCiAgICAgICAgbXNnLmF0dGFj\r\naChNSU1FVGV4dChib2R5KSkKICAgIGVsc2U6CiAgICAgICAgbXNnID0gTUlNRVRleHQoYm9keSkK\r\nCiAgICBtc2dbIlN1YmplY3QiXSA9IHN1YmplY3QKICAgIG1zZ1siRnJvbSJdID0gZ2V0UmFuZG9t\r\nRnJvbSgpCiAgICBtc2dbIlRvIl0gPSBnZXRSYW5kb21UbygpCiAgICBtc2dbIkRhdGUiXSA9IGRh\r\ndGUuc3RyZnRpbWUoZGF0ZUZvcm1hdCkKCiAgICByZXR1cm4gbXNnCiAgICAKZGVmIG1ha2VUZXh0\r\nTWVzc2FnZTIoc3ViamVjdCwgc2VuZGVyLCByZWNpcGllbnQsIGRhdGUsIGRhdGVGb3JtYXQsIGJv\r\nZHksIG11bHRpcGFydD1GYWxzZSk6CiAgICBpZiBtdWx0aXBhcnQ6CiAgICAgICAgbXNnID0gTUlN\r\nRU11bHRpcGFydCgpCiAgICAgICAgbXNnLmF0dGFjaChNSU1FVGV4dChib2R5KSkKICAgIGVsc2U6\r\nCiAgICAgICAgbXNnID0gTUlNRVRleHQoYm9keSkKCiAgICBtc2dbIlN1YmplY3QiXSA9IHN1Ympl\r\nY3QKICAgIG1zZ1siRnJvbSJdID0gc2VuZGVyCiAgICBtc2dbIlRvIl0gPSByZWNpcGllbnQKICAg\r\nIG1zZ1siRGF0ZSJdID0gZGF0ZS5zdHJmdGltZShkYXRlRm9ybWF0KQoKICAgIHJldHVybiBtc2cK\r\nCgpkZWYgbWFrZU11bHRpcGFydE1lc3NhZ2Uoc3ViamVjdCwgZGF0ZSwgZGF0ZUZvcm1hdCwgdGV4\r\ndEJvZHksIGh0bWxCb2R5KToKICAgIG1zZyA9IE1JTUVNdWx0aXBhcnQoKQogICAgaHRtbCA9IE1J\r\nTUVUZXh0KGh0bWxCb2R5LCAiaHRtbCIpCiAgICB0ZXh0ID0gTUlNRVRleHQodGV4dEJvZHkpCgog\r\nICAgbXNnWyJTdWJqZWN0Il0gPSBzdWJqZWN0CiAgICBtc2dbIkZyb20iXSA9IGdldFJhbmRvbUZy\r\nb20oKQogICAgbXNnWyJUbyJdID0gZ2V0UmFuZG9tVG8oKQogICAgbXNnWyJEYXRlIl0gPSBkYXRl\r\nLnN0cmZ0aW1lKGRhdGVGb3JtYXQpCgogICAgbXNnLmF0dGFjaCh0ZXh0KQogICAgbXNnLmF0dGFj\r\naChodG1sKQogICAgcmV0dXJuIG1zZwoKCmRlZiBhZGRBdHRhY2htZW50KHN1YmplY3QsIGZpbGVu\r\nYW1lLCBjb250ZW50VHlwZSwgc2VuZGVyLCByZWNlcGllbnQsIGJhc2U2NEVuY29kZT1UcnVlKToK\r\nICAgIG1zZyA9IE1JTUVNdWx0aXBhcnQoKQoKICAgIG1zZ1siU3ViamVjdCJdID0gc3ViamVjdAog\r\nICAgbXNnWyJGcm9tIl0gPSBzZW5kZXIKICAgIG1zZ1siVG8iXSA9IHJlY2VwaWVudAogICAgbXNn\r\nWyJEYXRlIl0gPSBkYXRldGltZS5kYXRldGltZS5ub3coKS5zdHJmdGltZShEQVRFX0ZPUk1BVF8x\r\nKQoKICAgIGNvbnRlbnRUeXBlU3BsaXQgPSBjb250ZW50VHlwZS5zcGxpdCgiLyIpCgogICAgcGFy\r\ndCA9IE1JTUVCYXNlKGNvbnRlbnRUeXBlU3BsaXRbMF0sIGNvbnRlbnRUeXBlU3BsaXRbMV0pCiAg\r\nICBwYXJ0LnNldF9wYXlsb2FkKG9wZW4oZmlsZW5hbWUsICJyYiIpLnJlYWQoKSkKICAgIGVtYWls\r\nLmVuY29kZXJzLmVuY29kZV9iYXNlNjQocGFydCkKICAgICNwYXJ0LmFkZF9oZWFkZXIoIkNvbnRl\r\nbnQtVHlwZSIsIGNvbnRlbnRUeXBlKQogICAgcGFydC5hZGRfaGVhZGVyKCJDb250ZW50LURpc3Bv\r\nc2l0aW9uIiwKICAgICAgICAgICAgICAgICAgICAiYXR0YWNobWVudDsgZmlsZW5hbWU9XCJ7MH1c\r\nIiIuZm9ybWF0KG9zLnBhdGguYmFzZW5hbWUoZmlsZW5hbWUpKSkKCiAgICBtc2cuYXR0YWNoKHBh\r\ncnQpCiAgICByZXR1cm4gbXNnCgoKZGVmIGdldFJhbmRvbUZyb20oKToKICAgIHJldHVybiBmcm9t\r\nQWRkcmVzc2VzW3JhbmRvbS5yYW5kaW50KDAsIGxlbihmcm9tQWRkcmVzc2VzKSAtIDEpXQoKCmRl\r\nZiBnZXRSYW5kb21UbygpOgogICAgcmV0dXJuIHRvQWRkcmVzc2VzW3JhbmRvbS5yYW5kaW50KDAs\r\nIGxlbih0b0FkZHJlc3NlcykgLSAxKV0KCgpkZWYgc2VuZE1haWwobXNnKToKICAgIGlmIG5vdCB1\r\nc2VTU0w6CiAgICAgICAgc2VydmVyID0gc210cGxpYi5TTVRQKCJ7MH06ezF9Ii5mb3JtYXQoYWRk\r\ncmVzcywgc210cFBvcnQpKQogICAgZWxzZToKICAgICAgICBzZXJ2ZXIgPSBzbXRwbGliLlNNVFBf\r\nU1NMKCJ7MH06ezF9Ii5mb3JtYXQoYWRkcmVzcywgc210cFBvcnQpKQoKICAgIGZyb21BZGRyZXNz\r\nID0gbXNnWyJGcm9tIl0KICAgIHRvID0gW21zZ1siVG8iXV0KCiAgICBzZXJ2ZXIuc2VuZG1haWwo\r\nZnJvbUFkZHJlc3MsIHRvLCBtc2cuYXNfc3RyaW5nKCkpCiAgICBzZXJ2ZXIucXVpdCgpCgojCiMg\r\nU2VlZCB0aGUgcmFuZG9tIGdlbmVyYXRvcgojCmRlZiBtYWluKCk6CiAgICByYW5kb20uc2VlZChk\r\nYXRldGltZS5kYXRldGltZS5ub3coKS50aW1lc3RhbXAoKSkKCiAgICBjaG9pY2UgPSBbbWFrZUhU\r\nTUxNZXNzYWdlKAogICAgICAgICAgICAiV2VpcmQgVE8gQWRkcmVzcyIsCiAgICAgICAgICAgIGRh\r\ndGV0aW1lLmRhdGV0aW1lLm5vdygpLAogICAgICAgICAgICBEQVRFX0ZPUk1BVF8xLAogICAgICAg\r\nICAgICAiPHA+VGhpcyBpcyBhbiBlbWFpbCBzZW50IHRvIGFuIGFkZHJlc3Mgd2l0aCAnZGF0YScg\r\naW4gdGhlIFRPIGZpZWxkLjwvcD4iCiAgICAgICAgKSwgbWFrZVRleHRNZXNzYWdlKAogICAgICAg\r\nICAgICAiUGxhaW4gVGV4dCBFbWFpbCIsCiAgICAgICAgICAgIGRhdGV0aW1lLmRhdGV0aW1lLm5v\r\ndygpLAogICAgICAgICAgICBEQVRFX0ZPUk1BVF8xLAogICAgICAgICAgICAiVGhpcyBpcyBhIHBs\r\nYWluIHRleHQgZW1haWwuXG5cblNpbmNlcmVseSxcbkFkYW0gUHJlc2xleSIKICAgICAgICApLCBt\r\nYWtlVGV4dE1lc3NhZ2UoCiAgICAgICAgICAgICJQbGFpbiBUZXh0IEVtYWlsIHdpdGggc3BlY2lh\r\nbCBjaGFyYWN0ZXJzICjDoSwgw6ksIMOtLCDDsywgw7opIiwKICAgICAgICAgICAgZGF0ZXRpbWUu\r\nZGF0ZXRpbWUubm93KCksCiAgICAgICAgICAgIERBVEVfRk9STUFUXzEsCiAgICAgICAgICAgICJU\r\naGlzIGlzIGEgcGxhaW4gdGV4dCBlbWFpbCB3aXRoIHNwZWNpYWwgY2hhcmFjdGVycyBpbiB0aGUg\r\nc3ViamVjdC5cbijDoSwgw6ksIMOtLCDDsywgw7opXG5cblNpbmNlcmVseSxcbkFkYW0gUHJlc2xl\r\neSIKICAgICAgICApXQoKICAgIHRyeToKICAgICAgICBpZiBsZW4oc3lzLmFyZ3YpID09IDIgYW5k\r\nIHN5cy5hcmd2WzFdLmlzbnVtZXJpYygpOgogICAgICAgICAgICBmb3IgXyBpbiByYW5nZShpbnQo\r\nc3lzLmFyZ3ZbMV0pKToKICAgICAgICAgICAgICAgIG1zZyA9IHJhbmRvbS5jaG9pY2UoY2hvaWNl\r\nKQogICAgICAgICAgICAgICAgc2VuZE1haWwobXNnKSAgICAKICAgICAgICBlbGlmIGxlbihzeXMu\r\nYXJndikgPT0gMzoKICAgICAgICAgICAgbXNnID0gbWFrZVRleHRNZXNzYWdlMigKICAgICAgICAg\r\nICAgIlBsYWluIFRleHQgRW1haWwiLCBzeXMuYXJndlsxXSwgc3lzLmFyZ3ZbMl0sIAogICAgICAg\r\nICAgICBkYXRldGltZS5kYXRldGltZS5ub3coKSwKICAgICAgICAgICAgREFURV9GT1JNQVRfMSwK\r\nICAgICAgICAgICAgIlRoaXMgaXMgYSBwbGFpbiB0ZXh0IGVtYWlsLlxuXG5TaW5jZXJlbHksXG5B\r\nZGFtIFByZXNsZXkiKQogICAgICAgICAgICBzZW5kTWFpbChtc2cpCiAgICAgICAgZWxpZiBsZW4o\r\nc3lzLmFyZ3YpID09IDY6CiAgICAgICAgICAgICMgc3ViamVjdCwgZmlsZW5hbWUsIGNvbnRlbnRU\r\neXBlLCBzZW5kZXIsIHJlY2VwaWVudAogICAgICAgICAgICBuZXdfbXNnID0gYWRkQXR0YWNobWVu\r\ndChzeXMuYXJndlsxXSwgc3lzLmFyZ3ZbMl0sIHN5cy5hcmd2WzNdLCBzeXMuYXJndls0XSwgc3lz\r\nLmFyZ3ZbNV0pCiAgICAgICAgICAgIHNlbmRNYWlsKG5ld19tc2cpCiAgICAgICAgZWxzZToKICAg\r\nICAgICAgICAgbXNnID0gcmFuZG9tLmNob2ljZShjaG9pY2UpCgogICAgICAgICAgICBzZW5kTWFp\r\nbChtc2cpCiAgICAgIAoKICAgIGV4Y2VwdCBFeGNlcHRpb24gYXMgZToKICAgICAgICBwcmludChm\r\nIkFuIGVycm9yIG9jY3VycmVkIHdoaWxlIHRyeWluZyB0byBjb25uZWN0IGFuZCBzZW5kIHRoZSBl\r\nbWFpbDoge2V9IikKICAgICAgICBwcmludChzeXMuZXhjX2luZm8oKSkKCmlmIF9fbmFtZV9fID09\r\nICJfX21haW5fXyI6CiAgICBtYWluKCkK', 'Size': 6878, 'MIME': None}, {'Headers': {}, 'Body': '--', 'Size': 2, 'MIME': None}]","[{'Headers': {'Content-Disposition': ['attachment; filename=""test.py""'], 'Content-Transfer-Encoding': ['base64'], 'Content-Type': ['text/x-python'], 'MIME-Version': ['1.0']}, 'Body': 'IyBUaGlzIHNjcmlwdCBpcyB1c2VkIHRvIGdlbmVyYXRlICJub3JtYWwiIGVtYWlsIHRyYWZmaWMg\r\nb24gdGhlIG1haWwgc2VydmVyCgppbXBvcnQgb3MKaW1wb3J0IHN5cwppbXBvcnQgc210cGxpYgpp\r\nbXBvcnQgZGF0ZXRpbWUKaW1wb3J0IHJhbmRvbQpmcm9tIGRhdGV0aW1lIGltcG9ydCB0aW1lZGVs\r\ndGEKaW1wb3J0IGVtYWlsCgpmcm9tIGVtYWlsLm1pbWUudGV4dCBpbXBvcnQgTUlNRVRleHQKZnJv\r\nbSBlbWFpbC5taW1lLmJhc2UgaW1wb3J0IE1JTUVCYXNlCmZyb20gZW1haWwubWltZS5tdWx0aXBh\r\ncnQgaW1wb3J0IE1JTUVNdWx0aXBhcnQKCmZyb21BZGRyZXNzZXMgPSAoCiAgICAiYWRhbUBleGFt\r\ncGxlLmNvbSIsCiAgICAidGVzdEB0ZXN0LmNvbSIsCiAgICAidGVzdEBnbWFpbC5jb20iLAogICAg\r\nImZhYmlvQHlhaG9vLmNvbSIsCikKCnRvQWRkcmVzc2VzID0gKAogICAgImFkbWluQGV4YW1wbGUu\r\nY29tIiwKICAgICJ0ZXN0QGV4YW1wbGUuY29tIgopCgpEQVRFX0ZPUk1BVF8xID0gIiVhLCAlZCAl\r\nYiAlWSAlSDolTTolUyAtMDcwMCAoVVRDKSIKCnVzZVNTTCA9IEZhbHNlCmFkZHJlc3MgPSAiMTky\r\nLjE2OC45MS41IgpzbXRwUG9ydCA9IDEwMjUKCgpkZWYgbWFrZUhUTUxNZXNzYWdlKHN1YmplY3Qs\r\nIGRhdGUsIGRhdGVGb3JtYXQsIGJvZHkpOgogICAgbXNnID0gTUlNRU11bHRpcGFydCgpCiAgICBo\r\ndG1sID0gTUlNRVRleHQoYm9keSwgImh0bWwiKQoKICAgIG1zZ1siU3ViamVjdCJdID0gc3ViamVj\r\ndAogICAgbXNnWyJGcm9tIl0gPSBnZXRSYW5kb21Gcm9tKCkKICAgIG1zZ1siVG8iXSA9IGdldFJh\r\nbmRvbVRvKCkKICAgIG1zZ1siRGF0ZSJdID0gZGF0ZS5zdHJmdGltZShkYXRlRm9ybWF0KQoKICAg\r\nIG1zZy5hdHRhY2goaHRtbCkKICAgIHJldHVybiBtc2cKCgpkZWYgbWFrZVRleHRNZXNzYWdlKHN1\r\nYmplY3QsIGRhdGUsIGRhdGVGb3JtYXQsIGJvZHksIG11bHRpcGFydD1GYWxzZSk6CiAgICBpZiBt\r\ndWx0aXBhcnQ6CiAgICAgICAgbXNnID0gTUlNRU11bHRpcGFydCgpCiAgICAgICAgbXNnLmF0dGFj\r\naChNSU1FVGV4dChib2R5KSkKICAgIGVsc2U6CiAgICAgICAgbXNnID0gTUlNRVRleHQoYm9keSkK\r\nCiAgICBtc2dbIlN1YmplY3QiXSA9IHN1YmplY3QKICAgIG1zZ1siRnJvbSJdID0gZ2V0UmFuZG9t\r\nRnJvbSgpCiAgICBtc2dbIlRvIl0gPSBnZXRSYW5kb21UbygpCiAgICBtc2dbIkRhdGUiXSA9IGRh\r\ndGUuc3RyZnRpbWUoZGF0ZUZvcm1hdCkKCiAgICByZXR1cm4gbXNnCiAgICAKZGVmIG1ha2VUZXh0\r\nTWVzc2FnZTIoc3ViamVjdCwgc2VuZGVyLCByZWNpcGllbnQsIGRhdGUsIGRhdGVGb3JtYXQsIGJv\r\nZHksIG11bHRpcGFydD1GYWxzZSk6CiAgICBpZiBtdWx0aXBhcnQ6CiAgICAgICAgbXNnID0gTUlN\r\nRU11bHRpcGFydCgpCiAgICAgICAgbXNnLmF0dGFjaChNSU1FVGV4dChib2R5KSkKICAgIGVsc2U6\r\nCiAgICAgICAgbXNnID0gTUlNRVRleHQoYm9keSkKCiAgICBtc2dbIlN1YmplY3QiXSA9IHN1Ympl\r\nY3QKICAgIG1zZ1siRnJvbSJdID0gc2VuZGVyCiAgICBtc2dbIlRvIl0gPSByZWNpcGllbnQKICAg\r\nIG1zZ1siRGF0ZSJdID0gZGF0ZS5zdHJmdGltZShkYXRlRm9ybWF0KQoKICAgIHJldHVybiBtc2cK\r\nCgpkZWYgbWFrZU11bHRpcGFydE1lc3NhZ2Uoc3ViamVjdCwgZGF0ZSwgZGF0ZUZvcm1hdCwgdGV4\r\ndEJvZHksIGh0bWxCb2R5KToKICAgIG1zZyA9IE1JTUVNdWx0aXBhcnQoKQogICAgaHRtbCA9IE1J\r\nTUVUZXh0KGh0bWxCb2R5LCAiaHRtbCIpCiAgICB0ZXh0ID0gTUlNRVRleHQodGV4dEJvZHkpCgog\r\nICAgbXNnWyJTdWJqZWN0Il0gPSBzdWJqZWN0CiAgICBtc2dbIkZyb20iXSA9IGdldFJhbmRvbUZy\r\nb20oKQogICAgbXNnWyJUbyJdID0gZ2V0UmFuZG9tVG8oKQogICAgbXNnWyJEYXRlIl0gPSBkYXRl\r\nLnN0cmZ0aW1lKGRhdGVGb3JtYXQpCgogICAgbXNnLmF0dGFjaCh0ZXh0KQogICAgbXNnLmF0dGFj\r\naChodG1sKQogICAgcmV0dXJuIG1zZwoKCmRlZiBhZGRBdHRhY2htZW50KHN1YmplY3QsIGZpbGVu\r\nYW1lLCBjb250ZW50VHlwZSwgc2VuZGVyLCByZWNlcGllbnQsIGJhc2U2NEVuY29kZT1UcnVlKToK\r\nICAgIG1zZyA9IE1JTUVNdWx0aXBhcnQoKQoKICAgIG1zZ1siU3ViamVjdCJdID0gc3ViamVjdAog\r\nICAgbXNnWyJGcm9tIl0gPSBzZW5kZXIKICAgIG1zZ1siVG8iXSA9IHJlY2VwaWVudAogICAgbXNn\r\nWyJEYXRlIl0gPSBkYXRldGltZS5kYXRldGltZS5ub3coKS5zdHJmdGltZShEQVRFX0ZPUk1BVF8x\r\nKQoKICAgIGNvbnRlbnRUeXBlU3BsaXQgPSBjb250ZW50VHlwZS5zcGxpdCgiLyIpCgogICAgcGFy\r\ndCA9IE1JTUVCYXNlKGNvbnRlbnRUeXBlU3BsaXRbMF0sIGNvbnRlbnRUeXBlU3BsaXRbMV0pCiAg\r\nICBwYXJ0LnNldF9wYXlsb2FkKG9wZW4oZmlsZW5hbWUsICJyYiIpLnJlYWQoKSkKICAgIGVtYWls\r\nLmVuY29kZXJzLmVuY29kZV9iYXNlNjQocGFydCkKICAgICNwYXJ0LmFkZF9oZWFkZXIoIkNvbnRl\r\nbnQtVHlwZSIsIGNvbnRlbnRUeXBlKQogICAgcGFydC5hZGRfaGVhZGVyKCJDb250ZW50LURpc3Bv\r\nc2l0aW9uIiwKICAgICAgICAgICAgICAgICAgICAiYXR0YWNobWVudDsgZmlsZW5hbWU9XCJ7MH1c\r\nIiIuZm9ybWF0KG9zLnBhdGguYmFzZW5hbWUoZmlsZW5hbWUpKSkKCiAgICBtc2cuYXR0YWNoKHBh\r\ncnQpCiAgICByZXR1cm4gbXNnCgoKZGVmIGdldFJhbmRvbUZyb20oKToKICAgIHJldHVybiBmcm9t\r\nQWRkcmVzc2VzW3JhbmRvbS5yYW5kaW50KDAsIGxlbihmcm9tQWRkcmVzc2VzKSAtIDEpXQoKCmRl\r\nZiBnZXRSYW5kb21UbygpOgogICAgcmV0dXJuIHRvQWRkcmVzc2VzW3JhbmRvbS5yYW5kaW50KDAs\r\nIGxlbih0b0FkZHJlc3NlcykgLSAxKV0KCgpkZWYgc2VuZE1haWwobXNnKToKICAgIGlmIG5vdCB1\r\nc2VTU0w6CiAgICAgICAgc2VydmVyID0gc210cGxpYi5TTVRQKCJ7MH06ezF9Ii5mb3JtYXQoYWRk\r\ncmVzcywgc210cFBvcnQpKQogICAgZWxzZToKICAgICAgICBzZXJ2ZXIgPSBzbXRwbGliLlNNVFBf\r\nU1NMKCJ7MH06ezF9Ii5mb3JtYXQoYWRkcmVzcywgc210cFBvcnQpKQoKICAgIGZyb21BZGRyZXNz\r\nID0gbXNnWyJGcm9tIl0KICAgIHRvID0gW21zZ1siVG8iXV0KCiAgICBzZXJ2ZXIuc2VuZG1haWwo\r\nZnJvbUFkZHJlc3MsIHRvLCBtc2cuYXNfc3RyaW5nKCkpCiAgICBzZXJ2ZXIucXVpdCgpCgojCiMg\r\nU2VlZCB0aGUgcmFuZG9tIGdlbmVyYXRvcgojCmRlZiBtYWluKCk6CiAgICByYW5kb20uc2VlZChk\r\nYXRldGltZS5kYXRldGltZS5ub3coKS50aW1lc3RhbXAoKSkKCiAgICBjaG9pY2UgPSBbbWFrZUhU\r\nTUxNZXNzYWdlKAogICAgICAgICAgICAiV2VpcmQgVE8gQWRkcmVzcyIsCiAgICAgICAgICAgIGRh\r\ndGV0aW1lLmRhdGV0aW1lLm5vdygpLAogICAgICAgICAgICBEQVRFX0ZPUk1BVF8xLAogICAgICAg\r\nICAgICAiPHA+VGhpcyBpcyBhbiBlbWFpbCBzZW50IHRvIGFuIGFkZHJlc3Mgd2l0aCAnZGF0YScg\r\naW4gdGhlIFRPIGZpZWxkLjwvcD4iCiAgICAgICAgKSwgbWFrZVRleHRNZXNzYWdlKAogICAgICAg\r\nICAgICAiUGxhaW4gVGV4dCBFbWFpbCIsCiAgICAgICAgICAgIGRhdGV0aW1lLmRhdGV0aW1lLm5v\r\ndygpLAogICAgICAgICAgICBEQVRFX0ZPUk1BVF8xLAogICAgICAgICAgICAiVGhpcyBpcyBhIHBs\r\nYWluIHRleHQgZW1haWwuXG5cblNpbmNlcmVseSxcbkFkYW0gUHJlc2xleSIKICAgICAgICApLCBt\r\nYWtlVGV4dE1lc3NhZ2UoCiAgICAgICAgICAgICJQbGFpbiBUZXh0IEVtYWlsIHdpdGggc3BlY2lh\r\nbCBjaGFyYWN0ZXJzICjDoSwgw6ksIMOtLCDDsywgw7opIiwKICAgICAgICAgICAgZGF0ZXRpbWUu\r\nZGF0ZXRpbWUubm93KCksCiAgICAgICAgICAgIERBVEVfRk9STUFUXzEsCiAgICAgICAgICAgICJU\r\naGlzIGlzIGEgcGxhaW4gdGV4dCBlbWFpbCB3aXRoIHNwZWNpYWwgY2hhcmFjdGVycyBpbiB0aGUg\r\nc3ViamVjdC5cbijDoSwgw6ksIMOtLCDDsywgw7opXG5cblNpbmNlcmVseSxcbkFkYW0gUHJlc2xl\r\neSIKICAgICAgICApXQoKICAgIHRyeToKICAgICAgICBpZiBsZW4oc3lzLmFyZ3YpID09IDIgYW5k\r\nIHN5cy5hcmd2WzFdLmlzbnVtZXJpYygpOgogICAgICAgICAgICBmb3IgXyBpbiByYW5nZShpbnQo\r\nc3lzLmFyZ3ZbMV0pKToKICAgICAgICAgICAgICAgIG1zZyA9IHJhbmRvbS5jaG9pY2UoY2hvaWNl\r\nKQogICAgICAgICAgICAgICAgc2VuZE1haWwobXNnKSAgICAKICAgICAgICBlbGlmIGxlbihzeXMu\r\nYXJndikgPT0gMzoKICAgICAgICAgICAgbXNnID0gbWFrZVRleHRNZXNzYWdlMigKICAgICAgICAg\r\nICAgIlBsYWluIFRleHQgRW1haWwiLCBzeXMuYXJndlsxXSwgc3lzLmFyZ3ZbMl0sIAogICAgICAg\r\nICAgICBkYXRldGltZS5kYXRldGltZS5ub3coKSwKICAgICAgICAgICAgREFURV9GT1JNQVRfMSwK\r\nICAgICAgICAgICAgIlRoaXMgaXMgYSBwbGFpbiB0ZXh0IGVtYWlsLlxuXG5TaW5jZXJlbHksXG5B\r\nZGFtIFByZXNsZXkiKQogICAgICAgICAgICBzZW5kTWFpbChtc2cpCiAgICAgICAgZWxpZiBsZW4o\r\nc3lzLmFyZ3YpID09IDY6CiAgICAgICAgICAgICMgc3ViamVjdCwgZmlsZW5hbWUsIGNvbnRlbnRU\r\neXBlLCBzZW5kZXIsIHJlY2VwaWVudAogICAgICAgICAgICBuZXdfbXNnID0gYWRkQXR0YWNobWVu\r\ndChzeXMuYXJndlsxXSwgc3lzLmFyZ3ZbMl0sIHN5cy5hcmd2WzNdLCBzeXMuYXJndls0XSwgc3lz\r\nLmFyZ3ZbNV0pCiAgICAgICAgICAgIHNlbmRNYWlsKG5ld19tc2cpCiAgICAgICAgZWxzZToKICAg\r\nICAgICAgICAgbXNnID0gcmFuZG9tLmNob2ljZShjaG9pY2UpCgogICAgICAgICAgICBzZW5kTWFp\r\nbChtc2cpCiAgICAgIAoKICAgIGV4Y2VwdCBFeGNlcHRpb24gYXMgZToKICAgICAgICBwcmludChm\r\nIkFuIGVycm9yIG9jY3VycmVkIHdoaWxlIHRyeWluZyB0byBjb25uZWN0IGFuZCBzZW5kIHRoZSBl\r\nbWFpbDoge2V9IikKICAgICAgICBwcmludChzeXMuZXhjX2luZm8oKSkKCmlmIF9fbmFtZV9fID09\r\nICJfX21haW5fXyI6CiAgICBtYWluKCkK', 'Size': 6878, 'MIME': None}, {'Headers': {}, 'Body': '--', 'Size': 2, 'MIME': None}]",7168
1,HuOj2vEYXJQ51VyNGwg-62Vz_Qr0FY9JIH4t_Xo9nM4=@mailhog.example,"Sat, 08 Oct 2022 20:09:22 -0700 (UTC)",test@gmail.com,admin@example.com,=?utf-8?b?UGxhaW4gVGV4dCBFbWFpbCB3aXRoIHNwZWNpYWwgY2hhcmFjdGVycyAow6EsIMOpLCDDrSwgw7MsIMO6KQ==?=,"VGhpcyBpcyBhIHBsYWluIHRleHQgZW1haWwgd2l0aCBzcGVjaWFsIGNoYXJhY3RlcnMgaW4gdGhl
IHN1YmplY3QuCijDoSwgw6ksIMOtLCDDsywgw7opCgpTaW5jZXJlbHksCkFkYW0gUHJlc2xleQ==",,,,450
2,mCDOAOPd5hxgFRRdH6Tk0GEWolMeshrEdfjD2bqLiSY=@mailhog.example,"Sat, 08 Oct 2022 20:09:22 -0700 (UTC)",test@test.com,admin@example.com,Weird TO Address,"--===============1668856794445279755==
Content-Type: text/html; charset=""us-ascii""
MIME-Version: 1.0
Content-Transfer-Encoding: 7bit

<p>This is an email sent to an address with 'data' in the TO field.</p>
--===============1668856794445279755==--","[{'Headers': {'Content-Transfer-Encoding': ['7bit'], 'Content-Type': ['text/html; charset=""us-ascii""'], 'MIME-Version': ['1.0']}, 'Body': ""<p>This is an email sent to an address with 'data' in the TO field.</p>"", 'Size': 170, 'MIME': None}, {'Headers': {}, 'Body': '--', 'Size': 2, 'MIME': None}]","[{'Headers': {'Content-Transfer-Encoding': ['7bit'], 'Content-Type': ['text/html; charset=""us-ascii""'], 'MIME-Version': ['1.0']}, 'Body': ""<p>This is an email sent to an address with 'data' in the TO field.</p>"", 'Size': 170, 'MIME': None}, {'Headers': {}, 'Body': '--', 'Size': 2, 'MIME': None}]","[{'Headers': {'Content-Transfer-Encoding': ['7bit'], 'Content-Type': ['text/html; charset=""us-ascii""'], 'MIME-Version': ['1.0']}, 'Body': ""<p>This is an email sent to an address with 'data' in the TO field.</p>"", 'Size': 170, 'MIME': None}, {'Headers': {}, 'Body': '--', 'Size': 2, 'MIME': None}]",469
3,ZiQhVh2ka-F4oFB-zsvw40rbS0n3ZEpK5ipOmYOfWgU=@mailhog.example,"Sat, 08 Oct 2022 20:09:22 -0700 (UTC)",test@gmail.com,admin@example.com,=?utf-8?b?UGxhaW4gVGV4dCBFbWFpbCB3aXRoIHNwZWNpYWwgY2hhcmFjdGVycyAow6EsIMOpLCDDrSwgw7MsIMO6KQ==?=,"VGhpcyBpcyBhIHBsYWluIHRleHQgZW1haWwgd2l0aCBzcGVjaWFsIGNoYXJhY3RlcnMgaW4gdGhl
IHN1YmplY3QuCijDoSwgw6ksIMOtLCDDsywgw7opCgpTaW5jZXJlbHksCkFkYW0gUHJlc2xleQ==",,,,450
4,B3AtJfa3iHED9loelkETpEWtVhQI71dRekdGyKKCbgU=@mailhog.example,"Sat, 08 Oct 2022 20:09:22 -0700 (UTC)",test@test.com,admin@example.com,Plain Text Email,"This is a plain text email.

Sincerely,
Adam Presley",,,,271
5,mtEzmo3HiEcG9BMuXXJ6nYooV6Gfgh2zOPrL3AwvTj4=@mailhog.example,"Sat, 08 Oct 2022 20:09:22 -0700 (UTC)",test@gmail.com,admin@example.com,=?utf-8?b?UGxhaW4gVGV4dCBFbWFpbCB3aXRoIHNwZWNpYWwgY2hhcmFjdGVycyAow6EsIMOpLCDDrSwgw7MsIMO6KQ==?=,"VGhpcyBpcyBhIHBsYWluIHRleHQgZW1haWwgd2l0aCBzcGVjaWFsIGNoYXJhY3RlcnMgaW4gdGhl
IHN1YmplY3QuCijDoSwgw6ksIMOtLCDDsywgw7opCgpTaW5jZXJlbHksCkFkYW0gUHJlc2xleQ==",,,,450
6,gDoquF-4hgaXhKbm0xy4c_owhsCRQ7Mr1G9jRZnd8Vk=@mailhog.example,"Sat, 08 Oct 2022 20:09:22 -0700 (UTC)",test@test.com,admin@example.com,Plain Text Email,"This is a plain text email.

Sincerely,
Adam Presley",,,,271
7,r7TuscmxFYnIsWRl-TXBe2a98-KQQD_g53rl_MKlIxU=@mailhog.example,"Sat, 08 Oct 2022 20:09:22 -0700 (UTC)",test@gmail.com,admin@example.com,=?utf-8?b?UGxhaW4gVGV4dCBFbWFpbCB3aXRoIHNwZWNpYWwgY2hhcmFjdGVycyAow6EsIMOpLCDDrSwgw7MsIMO6KQ==?=,"VGhpcyBpcyBhIHBsYWluIHRleHQgZW1haWwgd2l0aCBzcGVjaWFsIGNoYXJhY3RlcnMgaW4gdGhl
IHN1YmplY3QuCijDoSwgw6ksIMOtLCDDsywgw7opCgpTaW5jZXJlbHksCkFkYW0gUHJlc2xleQ==",,,,450
8,7ZTNAqOWjYnaPWJud-YgoNxrQ9HZdOpbX-ccYp8fSvE=@mailhog.example,"Sat, 08 Oct 2022 20:09:22 -0700 (UTC)",test@test.com,admin@example.com,Weird TO Address,"--===============1668856794445279755==
Content-Type: text/html; charset=""us-ascii""
MIME-Version: 1.0
Content-Transfer-Encoding: 7bit

<p>This is an email sent to an address with 'data' in the TO field.</p>
--===============1668856794445279755==--","[{'Headers': {'Content-Transfer-Encoding': ['7bit'], 'Content-Type': ['text/html; charset=""us-ascii""'], 'MIME-Version': ['1.0']}, 'Body': ""<p>This is an email sent to an address with 'data' in the TO field.</p>"", 'Size': 170, 'MIME': None}, {'Headers': {}, 'Body': '--', 'Size': 2, 'MIME': None}]","[{'Headers': {'Content-Transfer-Encoding': ['7bit'], 'Content-Type': ['text/html; charset=""us-ascii""'], 'MIME-Version': ['1.0']}, 'Body': ""<p>This is an email sent to an address with 'data' in the TO field.</p>"", 'Size': 170, 'MIME': None}, {'Headers': {}, 'Body': '--', 'Size': 2, 'MIME': None}]","[{'Headers': {'Content-Transfer-Encoding': ['7bit'], 'Content-Type': ['text/html; charset=""us-ascii""'], 'MIME-Version': ['1.0']}, 'Body': ""<p>This is an email sent to an address with 'data' in the TO field.</p>"", 'Size': 170, 'MIME': None}, {'Headers': {}, 'Body': '--', 'Size': 2, 'MIME': None}]",469
9,cHTCHkkINbgxSzTjIyOCI9hJZadpYQna-RBjdMBKutI=@mailhog.example,"Sat, 08 Oct 2022 20:09:22 -0700 (UTC)",test@test.com,admin@example.com,Plain Text Email,"This is a plain text email.

Sincerely,
Adam Presley",,,,271
10,exrs5mt-hUOWgXVeSjUi2EW4wHJTyPgnqJNybKvo1-U=@mailhog.example,"Sat, 08 Oct 2022 20:09:22 -0700 (UTC)",test@gmail.com,admin@example.com,=?utf-8?b?UGxhaW4gVGV4dCBFbWFpbCB3aXRoIHNwZWNpYWwgY2hhcmFjdGVycyAow6EsIMOpLCDDrSwgw7MsIMO6KQ==?=,"VGhpcyBpcyBhIHBsYWluIHRleHQgZW1haWwgd2l0aCBzcGVjaWFsIGNoYXJhY3RlcnMgaW4gdGhl
IHN1YmplY3QuCijDoSwgw6ksIMOtLCDDsywgw7opCgpTaW5jZXJlbHksCkFkYW0gUHJlc2xleQ==",,,,450
11,oZx5ZcXHNJisv_Xi9MGMYbgVxkiq0pTaR89SAxdc8MI=@mailhog.example,"Sat, 08 Oct 2022 20:09:22 -0700 (UTC)",test@gmail.com,admin@example.com,=?utf-8?b?UGxhaW4gVGV4dCBFbWFpbCB3aXRoIHNwZWNpYWwgY2hhcmFjdGVycyAow6EsIMOpLCDDrSwgw7MsIMO6KQ==?=,"VGhpcyBpcyBhIHBsYWluIHRleHQgZW1haWwgd2l0aCBzcGVjaWFsIGNoYXJhY3RlcnMgaW4gdGhl
IHN1YmplY3QuCijDoSwgw6ksIMOtLCDDsywgw7opCgpTaW5jZXJlbHksCkFkYW0gUHJlc2xleQ==",,,,450
12,m41KVYUsWKlcv8aMIkMxTH0cyXg6BS_gA6F08jEnkSo=@mailhog.example,"Sat, 08 Oct 2022 20:09:22 -0700 (UTC)",test@test.com,admin@example.com,Weird TO Address,"--===============1668856794445279755==
Content-Type: text/html; charset=""us-ascii""
MIME-Version: 1.0
Content-Transfer-Encoding: 7bit

<p>This is an email sent to an address with 'data' in the TO field.</p>
--===============1668856794445279755==--","[{'Headers': {'Content-Transfer-Encoding': ['7bit'], 'Content-Type': ['text/html; charset=""us-ascii""'], 'MIME-Version': ['1.0']}, 'Body': ""<p>This is an email sent to an address with 'data' in the TO field.</p>"", 'Size': 170, 'MIME': None}, {'Headers': {}, 'Body': '--', 'Size': 2, 'MIME': None}]","[{'Headers': {'Content-Transfer-Encoding': ['7bit'], 'Content-Type': ['text/html; charset=""us-ascii""'], 'MIME-Version': ['1.0']}, 'Body': ""<p>This is an email sent to an address with 'data' in the TO field.</p>"", 'Size': 170, 'MIME': None}, {'Headers': {}, 'Body': '--', 'Size': 2, 'MIME': None}]","[{'Headers': {'Content-Transfer-Encoding': ['7bit'], 'Content-Type': ['text/html; charset=""us-ascii""'], 'MIME-Version': ['1.0']}, 'Body': ""<p>This is an email sent to an address with 'data' in the TO field.</p>"", 'Size': 170, 'MIME': None}, {'Headers': {}, 'Body': '--', 'Size': 2, 'MIME': None}]",469
13,xL3A5g_6hzhPD13GsUsb3Z5078n_iawvmhzdKXbgi5Q=@mailhog.example,"Sat, 08 Oct 2022 20:09:22 -0700 (UTC)",test@gmail.com,admin@example.com,=?utf-8?b?UGxhaW4gVGV4dCBFbWFpbCB3aXRoIHNwZWNpYWwgY2hhcmFjdGVycyAow6EsIMOpLCDDrSwgw7MsIMO6KQ==?=,"VGhpcyBpcyBhIHBsYWluIHRleHQgZW1haWwgd2l0aCBzcGVjaWFsIGNoYXJhY3RlcnMgaW4gdGhl
IHN1YmplY3QuCijDoSwgw6ksIMOtLCDDsywgw7opCgpTaW5jZXJlbHksCkFkYW0gUHJlc2xleQ==",,,,450
14,Ex_z4jUiRQDLWTFA0B9Ek7ARmE6MUo_Mv7aB9GnVemc=@mailhog.example,"Sat, 08 Oct 2022 20:09:22 -0700 (UTC)",test@gmail.com,admin@example.com,=?utf-8?b?UGxhaW4gVGV4dCBFbWFpbCB3aXRoIHNwZWNpYWwgY2hhcmFjdGVycyAow6EsIMOpLCDDrSwgw7MsIMO6KQ==?=,"VGhpcyBpcyBhIHBsYWluIHRleHQgZW1haWwgd2l0aCBzcGVjaWFsIGNoYXJhY3RlcnMgaW4gdGhl
IHN1YmplY3QuCijDoSwgw6ksIMOtLCDDsywgw7opCgpTaW5jZXJlbHksCkFkYW0gUHJlc2xleQ==",,,,450
15,NYR8kgbWKvyu8KR6PhyyM6ZialRcprCQe75fbdHiCcU=@mailhog.example,"Sat, 08 Oct 2022 20:09:22 -0700 (UTC)",test@test.com,admin@example.com,Plain Text Email,"This is a plain text email.

Sincerely,
Adam Presley",,,,271
16,MYIIWSU_TI6nAkgkTWTJ3APmxf6XdO5aThlq9f-9bzQ=@mailhog.example,"Sat, 08 Oct 2022 20:09:22 -0700 (UTC)",test@test.com,admin@example.com,Plain Text Email,"This is a plain text email.

Sincerely,
Adam Presley",,,,271
17,iBmukMEMp4rOvwxU-aJ2NEnJOvVvJ5WJb9TQptX_zLM=@mailhog.example,"Sat, 08 Oct 2022 20:09:22 -0700 (UTC)",test@test.com,admin@example.com,Plain Text Email,"This is a plain text email.

Sincerely,
Adam Presley",,,,271
18,R708dbNq5ZHjRYcVvlpfw-w_AzXTIcIw20erhWr-62k=@mailhog.example,"Sat, 08 Oct 2022 20:09:22 -0700 (UTC)",test@test.com,admin@example.com,Plain Text Email,"This is a plain text email.

Sincerely,
Adam Presley",,,,271
19,gUazK87Yz4Zb8CzwPanqUUQeBUxNpnQ2JscAFAJgIYs=@mailhog.example,"Sat, 08 Oct 2022 20:09:22 -0700 (UTC)",test@test.com,admin@example.com,Plain Text Email,"This is a plain text email.

Sincerely,
Adam Presley",,,,271
20,VRpEmDid6llUoC_--RAznJ5AEOflBxaRme_4_OVIklc=@mailhog.example,"Sat, 08 Oct 2022 20:09:22 -0700 (UTC)",test@gmail.com,admin@example.com,=?utf-8?b?UGxhaW4gVGV4dCBFbWFpbCB3aXRoIHNwZWNpYWwgY2hhcmFjdGVycyAow6EsIMOpLCDDrSwgw7MsIMO6KQ==?=,"VGhpcyBpcyBhIHBsYWluIHRleHQgZW1haWwgd2l0aCBzcGVjaWFsIGNoYXJhY3RlcnMgaW4gdGhl
IHN1YmplY3QuCijDoSwgw6ksIMOtLCDDsywgw7opCgpTaW5jZXJlbHksCkFkYW0gUHJlc2xleQ==",,,,450
21,T9F1C0Q_9y_NLZrvFAWiZXsJ1GlBPADxb9Pi6std2_o=@mailhog.example,"Sat, 08 Oct 2022 20:09:22 -0700 (UTC)",test@test.com,admin@example.com,Weird TO Address,"--===============1668856794445279755==
Content-Type: text/html; charset=""us-ascii""
MIME-Version: 1.0
Content-Transfer-Encoding: 7bit

<p>This is an email sent to an address with 'data' in the TO field.</p>
--===============1668856794445279755==--","[{'Headers': {'Content-Transfer-Encoding': ['7bit'], 'Content-Type': ['text/html; charset=""us-ascii""'], 'MIME-Version': ['1.0']}, 'Body': ""<p>This is an email sent to an address with 'data' in the TO field.</p>"", 'Size': 170, 'MIME': None}, {'Headers': {}, 'Body': '--', 'Size': 2, 'MIME': None}]","[{'Headers': {'Content-Transfer-Encoding': ['7bit'], 'Content-Type': ['text/html; charset=""us-ascii""'], 'MIME-Version': ['1.0']}, 'Body': ""<p>This is an email sent to an address with 'data' in the TO field.</p>"", 'Size': 170, 'MIME': None}, {'Headers': {}, 'Body': '--', 'Size': 2, 'MIME': None}]","[{'Headers': {'Content-Transfer-Encoding': ['7bit'], 'Content-Type': ['text/html; charset=""us-ascii""'], 'MIME-Version': ['1.0']}, 'Body': ""<p>This is an email sent to an address with 'data' in the TO field.</p>"", 'Size': 170, 'MIME': None}, {'Headers': {}, 'Body': '--', 'Size': 2, 'MIME': None}]",469
22,7XR7fhva0UxJLNbUqjqx55wJOGh4s3p_A36JqVtLlig=@mailhog.example,"Sat, 08 Oct 2022 20:09:22 -0700 (UTC)",test@gmail.com,admin@example.com,=?utf-8?b?UGxhaW4gVGV4dCBFbWFpbCB3aXRoIHNwZWNpYWwgY2hhcmFjdGVycyAow6EsIMOpLCDDrSwgw7MsIMO6KQ==?=,"VGhpcyBpcyBhIHBsYWluIHRleHQgZW1haWwgd2l0aCBzcGVjaWFsIGNoYXJhY3RlcnMgaW4gdGhl
IHN1YmplY3QuCijDoSwgw6ksIMOtLCDDsywgw7opCgpTaW5jZXJlbHksCkFkYW0gUHJlc2xleQ==",,,,450
23,IWBYvdUDCZbjNo6fpZujyZJenTREZn6B6FNLOezeKy4=@mailhog.example,"Sat, 08 Oct 2022 20:09:22 -0700 (UTC)",test@test.com,admin@example.com,Plain Text Email,"This is a plain text email.

Sincerely,
Adam Presley",,,,271
24,aDhDG63moKQSG9byoNimBta-mHNsAqpSY991rVGHwAk=@mailhog.example,"Sat, 08 Oct 2022 20:09:22 -0700 (UTC)",test@test.com,admin@example.com,Plain Text Email,"This is a plain text email.

Sincerely,
Adam Presley",,,,271
25,ebHbnCobQcdXbajlG2DUfPx-zq7ElKxA-MHV94lmreo=@mailhog.example,"Sat, 08 Oct 2022 20:09:22 -0700 (UTC)",test@gmail.com,admin@example.com,=?utf-8?b?UGxhaW4gVGV4dCBFbWFpbCB3aXRoIHNwZWNpYWwgY2hhcmFjdGVycyAow6EsIMOpLCDDrSwgw7MsIMO6KQ==?=,"VGhpcyBpcyBhIHBsYWluIHRleHQgZW1haWwgd2l0aCBzcGVjaWFsIGNoYXJhY3RlcnMgaW4gdGhl
IHN1YmplY3QuCijDoSwgw6ksIMOtLCDDsywgw7opCgpTaW5jZXJlbHksCkFkYW0gUHJlc2xleQ==",,,,450
26,IeluyJ6r53Qcf6KKo2KzuPpSahZmyuKiA2x5ZARr92Q=@mailhog.example,"Sat, 08 Oct 2022 20:09:22 -0700 (UTC)",test@gmail.com,admin@example.com,=?utf-8?b?UGxhaW4gVGV4dCBFbWFpbCB3aXRoIHNwZWNpYWwgY2hhcmFjdGVycyAow6EsIMOpLCDDrSwgw7MsIMO6KQ==?=,"VGhpcyBpcyBhIHBsYWluIHRleHQgZW1haWwgd2l0aCBzcGVjaWFsIGNoYXJhY3RlcnMgaW4gdGhl
IHN1YmplY3QuCijDoSwgw6ksIMOtLCDDsywgw7opCgpTaW5jZXJlbHksCkFkYW0gUHJlc2xleQ==",,,,450
27,kOTIHeC7Nn5RPDESrEpC7bcXPYVeeqS3rNZ2XP7Y0qg=@mailhog.example,"Sat, 08 Oct 2022 20:09:22 -0700 (UTC)",test@test.com,admin@example.com,Plain Text Email,"This is a plain text email.

Sincerely,
Adam Presley",,,,271
28,THrsyh42uSNomPAKyi5SEdDScMilwQJX_TBXNuXlU6E=@mailhog.example,"Sat, 08 Oct 2022 20:09:22 -0700 (UTC)",test@test.com,admin@example.com,Weird TO Address,"--===============1668856794445279755==
Content-Type: text/html; charset=""us-ascii""
MIME-Version: 1.0
Content-Transfer-Encoding: 7bit

<p>This is an email sent to an address with 'data' in the TO field.</p>
--===============1668856794445279755==--","[{'Headers': {'Content-Transfer-Encoding': ['7bit'], 'Content-Type': ['text/html; charset=""us-ascii""'], 'MIME-Version': ['1.0']}, 'Body': ""<p>This is an email sent to an address with 'data' in the TO field.</p>"", 'Size': 170, 'MIME': None}, {'Headers': {}, 'Body': '--', 'Size': 2, 'MIME': None}]","[{'Headers': {'Content-Transfer-Encoding': ['7bit'], 'Content-Type': ['text/html; charset=""us-ascii""'], 'MIME-Version': ['1.0']}, 'Body': ""<p>This is an email sent to an address with 'data' in the TO field.</p>"", 'Size': 170, 'MIME': None}, {'Headers': {}, 'Body': '--', 'Size': 2, 'MIME': None}]","[{'Headers': {'Content-Transfer-Encoding': ['7bit'], 'Content-Type': ['text/html; charset=""us-ascii""'], 'MIME-Version': ['1.0']}, 'Body': ""<p>This is an email sent to an address with 'data' in the TO field.</p>"", 'Size': 170, 'MIME': None}, {'Headers': {}, 'Body': '--', 'Size': 2, 'MIME': None}]",469
29,X4rFqhVI7Eqxn8Hjv9A4iFUs7or8dqqNR070htTWvE0=@mailhog.example,"Sat, 08 Oct 2022 20:09:22 -0700 (UTC)",test@test.com,admin@example.com,Plain Text Email,"This is a plain text email.

Sincerely,
Adam Presley",,,,271
30,UYuQppdK1yot60Hpwbg6ObesHWdJ_FG74v7L38a6DSc=@mailhog.example,"Sat, 08 Oct 2022 20:09:22 -0700 (UTC)",test@test.com,admin@example.com,Plain Text Email,"This is a plain text email.

Sincerely,
Adam Presley",,,,271
31,GhAA53LMIadvauhgfOXFtNBhtu2WhfaUKiPsvQpXv-s=@mailhog.example,"Sat, 08 Oct 2022 20:09:22 -0700 (UTC)",test@test.com,admin@example.com,Weird TO Address,"--===============1668856794445279755==
Content-Type: text/html; charset=""us-ascii""
MIME-Version: 1.0
Content-Transfer-Encoding: 7bit

<p>This is an email sent to an address with 'data' in the TO field.</p>
--===============1668856794445279755==--","[{'Headers': {'Content-Transfer-Encoding': ['7bit'], 'Content-Type': ['text/html; charset=""us-ascii""'], 'MIME-Version': ['1.0']}, 'Body': ""<p>This is an email sent to an address with 'data' in the TO field.</p>"", 'Size': 170, 'MIME': None}, {'Headers': {}, 'Body': '--', 'Size': 2, 'MIME': None}]","[{'Headers': {'Content-Transfer-Encoding': ['7bit'], 'Content-Type': ['text/html; charset=""us-ascii""'], 'MIME-Version': ['1.0']}, 'Body': ""<p>This is an email sent to an address with 'data' in the TO field.</p>"", 'Size': 170, 'MIME': None}, {'Headers': {}, 'Body': '--', 'Size': 2, 'MIME': None}]","[{'Headers': {'Content-Transfer-Encoding': ['7bit'], 'Content-Type': ['text/html; charset=""us-ascii""'], 'MIME-Version': ['1.0']}, 'Body': ""<p>This is an email sent to an address with 'data' in the TO field.</p>"", 'Size': 170, 'MIME': None}, {'Headers': {}, 'Body': '--', 'Size': 2, 'MIME': None}]",469
32,AgaZkf9R3dWrMGxznjgDpHyBoXJ3FJrw04Bb3-jTw3w=@mailhog.example,"Sat, 08 Oct 2022 20:09:22 -0700 (UTC)",test@test.com,admin@example.com,Weird TO Address,"--===============1668856794445279755==
Content-Type: text/html; charset=""us-ascii""
MIME-Version: 1.0
Content-Transfer-Encoding: 7bit

<p>This is an email sent to an address with 'data' in the TO field.</p>
--===============1668856794445279755==--","[{'Headers': {'Content-Transfer-Encoding': ['7bit'], 'Content-Type': ['text/html; charset=""us-ascii""'], 'MIME-Version': ['1.0']}, 'Body': ""<p>This is an email sent to an address with 'data' in the TO field.</p>"", 'Size': 170, 'MIME': None}, {'Headers': {}, 'Body': '--', 'Size': 2, 'MIME': None}]","[{'Headers': {'Content-Transfer-Encoding': ['7bit'], 'Content-Type': ['text/html; charset=""us-ascii""'], 'MIME-Version': ['1.0']}, 'Body': ""<p>This is an email sent to an address with 'data' in the TO field.</p>"", 'Size': 170, 'MIME': None}, {'Headers': {}, 'Body': '--', 'Size': 2, 'MIME': None}]","[{'Headers': {'Content-Transfer-Encoding': ['7bit'], 'Content-Type': ['text/html; charset=""us-ascii""'], 'MIME-Version': ['1.0']}, 'Body': ""<p>This is an email sent to an address with 'data' in the TO field.</p>"", 'Size': 170, 'MIME': None}, {'Headers': {}, 'Body': '--', 'Size': 2, 'MIME': None}]",469
33,PcPeM-irw_fAZNQ9ftqHRxOZccKknRnjPzmmHMzx1rw=@mailhog.example,"Sat, 08 Oct 2022 20:09:22 -0700 (UTC)",test@gmail.com,admin@example.com,=?utf-8?b?UGxhaW4gVGV4dCBFbWFpbCB3aXRoIHNwZWNpYWwgY2hhcmFjdGVycyAow6EsIMOpLCDDrSwgw7MsIMO6KQ==?=,"VGhpcyBpcyBhIHBsYWluIHRleHQgZW1haWwgd2l0aCBzcGVjaWFsIGNoYXJhY3RlcnMgaW4gdGhl
IHN1YmplY3QuCijDoSwgw6ksIMOtLCDDsywgw7opCgpTaW5jZXJlbHksCkFkYW0gUHJlc2xleQ==",,,,450
34,GjKqkKLf-5DFmQBsBfbUhQ0SoqO4L_pBGaAV-YhrW_c=@mailhog.example,"Sat, 08 Oct 2022 20:09:22 -0700 (UTC)",test@test.com,admin@example.com,Weird TO Address,"--===============1668856794445279755==
Content-Type: text/html; charset=""us-ascii""
MIME-Version: 1.0
Content-Transfer-Encoding: 7bit

<p>This is an email sent to an address with 'data' in the TO field.</p>
--===============1668856794445279755==--","[{'Headers': {'Content-Transfer-Encoding': ['7bit'], 'Content-Type': ['text/html; charset=""us-ascii""'], 'MIME-Version': ['1.0']}, 'Body': ""<p>This is an email sent to an address with 'data' in the TO field.</p>"", 'Size': 170, 'MIME': None}, {'Headers': {}, 'Body': '--', 'Size': 2, 'MIME': None}]","[{'Headers': {'Content-Transfer-Encoding': ['7bit'], 'Content-Type': ['text/html; charset=""us-ascii""'], 'MIME-Version': ['1.0']}, 'Body': ""<p>This is an email sent to an address with 'data' in the TO field.</p>"", 'Size': 170, 'MIME': None}, {'Headers': {}, 'Body': '--', 'Size': 2, 'MIME': None}]","[{'Headers': {'Content-Transfer-Encoding': ['7bit'], 'Content-Type': ['text/html; charset=""us-ascii""'], 'MIME-Version': ['1.0']}, 'Body': ""<p>This is an email sent to an address with 'data' in the TO field.</p>"", 'Size': 170, 'MIME': None}, {'Headers': {}, 'Body': '--', 'Size': 2, 'MIME': None}]",469
35,S-13yOKDoRGVYSTHrUasLJeaVQPIoa1SV3T-c2kM1VE=@mailhog.example,"Sat, 08 Oct 2022 20:09:22 -0700 (UTC)",test@test.com,admin@example.com,Plain Text Email,"This is a plain text email.

Sincerely,
Adam Presley",,,,271
36,hTmPkJ52N5zuAdcePh0ZYXRrc0TXcwvNDuGcce1zf1k=@mailhog.example,"Sat, 08 Oct 2022 20:09:22 -0700 (UTC)",test@test.com,admin@example.com,Weird TO Address,"--===============1668856794445279755==
Content-Type: text/html; charset=""us-ascii""
MIME-Version: 1.0
Content-Transfer-Encoding: 7bit

<p>This is an email sent to an address with 'data' in the TO field.</p>
--===============1668856794445279755==--","[{'Headers': {'Content-Transfer-Encoding': ['7bit'], 'Content-Type': ['text/html; charset=""us-ascii""'], 'MIME-Version': ['1.0']}, 'Body': ""<p>This is an email sent to an address with 'data' in the TO field.</p>"", 'Size': 170, 'MIME': None}, {'Headers': {}, 'Body': '--', 'Size': 2, 'MIME': None}]","[{'Headers': {'Content-Transfer-Encoding': ['7bit'], 'Content-Type': ['text/html; charset=""us-ascii""'], 'MIME-Version': ['1.0']}, 'Body': ""<p>This is an email sent to an address with 'data' in the TO field.</p>"", 'Size': 170, 'MIME': None}, {'Headers': {}, 'Body': '--', 'Size': 2, 'MIME': None}]","[{'Headers': {'Content-Transfer-Encoding': ['7bit'], 'Content-Type': ['text/html; charset=""us-ascii""'], 'MIME-Version': ['1.0']}, 'Body': ""<p>This is an email sent to an address with 'data' in the TO field.</p>"", 'Size': 170, 'MIME': None}, {'Headers': {}, 'Body': '--', 'Size': 2, 'MIME': None}]",469
37,UDMkiuHF5fX6cLihc2y33bLO9TkyCEP7ntR7upoOtVU=@mailhog.example,"Sat, 08 Oct 2022 20:09:22 -0700 (UTC)",test@test.com,admin@example.com,Weird TO Address,"--===============1668856794445279755==
Content-Type: text/html; charset=""us-ascii""
MIME-Version: 1.0
Content-Transfer-Encoding: 7bit

<p>This is an email sent to an address with 'data' in the TO field.</p>
--===============1668856794445279755==--","[{'Headers': {'Content-Transfer-Encoding': ['7bit'], 'Content-Type': ['text/html; charset=""us-ascii""'], 'MIME-Version': ['1.0']}, 'Body': ""<p>This is an email sent to an address with 'data' in the TO field.</p>"", 'Size': 170, 'MIME': None}, {'Headers': {}, 'Body': '--', 'Size': 2, 'MIME': None}]","[{'Headers': {'Content-Transfer-Encoding': ['7bit'], 'Content-Type': ['text/html; charset=""us-ascii""'], 'MIME-Version': ['1.0']}, 'Body': ""<p>This is an email sent to an address with 'data' in the TO field.</p>"", 'Size': 170, 'MIME': None}, {'Headers': {}, 'Body': '--', 'Size': 2, 'MIME': None}]","[{'Headers': {'Content-Transfer-Encoding': ['7bit'], 'Content-Type': ['text/html; charset=""us-ascii""'], 'MIME-Version': ['1.0']}, 'Body': ""<p>This is an email sent to an address with 'data' in the TO field.</p>"", 'Size': 170, 'MIME': None}, {'Headers': {}, 'Body': '--', 'Size': 2, 'MIME': None}]",469
38,wbNI6B3EvOOsadle1_8tA2FnYPZXuzE3Omov2rsUzXo=@mailhog.example,"Sat, 08 Oct 2022 20:09:22 -0700 (UTC)",test@test.com,admin@example.com,Weird TO Address,"--===============1668856794445279755==
Content-Type: text/html; charset=""us-ascii""
MIME-Version: 1.0
Content-Transfer-Encoding: 7bit

<p>This is an email sent to an address with 'data' in the TO field.</p>
--===============1668856794445279755==--","[{'Headers': {'Content-Transfer-Encoding': ['7bit'], 'Content-Type': ['text/html; charset=""us-ascii""'], 'MIME-Version': ['1.0']}, 'Body': ""<p>This is an email sent to an address with 'data' in the TO field.</p>"", 'Size': 170, 'MIME': None}, {'Headers': {}, 'Body': '--', 'Size': 2, 'MIME': None}]","[{'Headers': {'Content-Transfer-Encoding': ['7bit'], 'Content-Type': ['text/html; charset=""us-ascii""'], 'MIME-Version': ['1.0']}, 'Body': ""<p>This is an email sent to an address with 'data' in the TO field.</p>"", 'Size': 170, 'MIME': None}, {'Headers': {}, 'Body': '--', 'Size': 2, 'MIME': None}]","[{'Headers': {'Content-Transfer-Encoding': ['7bit'], 'Content-Type': ['text/html; charset=""us-ascii""'], 'MIME-Version': ['1.0']}, 'Body': ""<p>This is an email sent to an address with 'data' in the TO field.</p>"", 'Size': 170, 'MIME': None}, {'Headers': {}, 'Body': '--', 'Size': 2, 'MIME': None}]",469
39,XzHy3dizdizY7VcccfUQo0_ncmF7n8Yjww0NPvRc8CQ=@mailhog.example,"Sat, 08 Oct 2022 20:09:22 -0700 (UTC)",test@gmail.com,admin@example.com,=?utf-8?b?UGxhaW4gVGV4dCBFbWFpbCB3aXRoIHNwZWNpYWwgY2hhcmFjdGVycyAow6EsIMOpLCDDrSwgw7MsIMO6KQ==?=,"VGhpcyBpcyBhIHBsYWluIHRleHQgZW1haWwgd2l0aCBzcGVjaWFsIGNoYXJhY3RlcnMgaW4gdGhl
IHN1YmplY3QuCijDoSwgw6ksIMOtLCDDsywgw7opCgpTaW5jZXJlbHksCkFkYW0gUHJlc2xleQ==",,,,450
40,DtHlK3qQRCWJ0bDTN3IzH9P27wunLVy22PDE6P4F7lo=@mailhog.example,"Sat, 08 Oct 2022 20:09:22 -0700 (UTC)",test@test.com,admin@example.com,Weird TO Address,"--===============1668856794445279755==
Content-Type: text/html; charset=""us-ascii""
MIME-Version: 1.0
Content-Transfer-Encoding: 7bit

<p>This is an email sent to an address with 'data' in the TO field.</p>
--===============1668856794445279755==--","[{'Headers': {'Content-Transfer-Encoding': ['7bit'], 'Content-Type': ['text/html; charset=""us-ascii""'], 'MIME-Version': ['1.0']}, 'Body': ""<p>This is an email sent to an address with 'data' in the TO field.</p>"", 'Size': 170, 'MIME': None}, {'Headers': {}, 'Body': '--', 'Size': 2, 'MIME': None}]","[{'Headers': {'Content-Transfer-Encoding': ['7bit'], 'Content-Type': ['text/html; charset=""us-ascii""'], 'MIME-Version': ['1.0']}, 'Body': ""<p>This is an email sent to an address with 'data' in the TO field.</p>"", 'Size': 170, 'MIME': None}, {'Headers': {}, 'Body': '--', 'Size': 2, 'MIME': None}]","[{'Headers': {'Content-Transfer-Encoding': ['7bit'], 'Content-Type': ['text/html; charset=""us-ascii""'], 'MIME-Version': ['1.0']}, 'Body': ""<p>This is an email sent to an address with 'data' in the TO field.</p>"", 'Size': 170, 'MIME': None}, {'Headers': {}, 'Body': '--', 'Size': 2, 'MIME': None}]",469
41,DnByO6LHILyypApHm0Lvde0TXbg3lHjmUlXB3wPvaIw=@mailhog.example,"Sat, 08 Oct 2022 20:09:22 -0700 (UTC)",test@test.com,admin@example.com,Weird TO Address,"--===============1668856794445279755==
Content-Type: text/html; charset=""us-ascii""
MIME-Version: 1.0
Content-Transfer-Encoding: 7bit

<p>This is an email sent to an address with 'data' in the TO field.</p>
--===============1668856794445279755==--","[{'Headers': {'Content-Transfer-Encoding': ['7bit'], 'Content-Type': ['text/html; charset=""us-ascii""'], 'MIME-Version': ['1.0']}, 'Body': ""<p>This is an email sent to an address with 'data' in the TO field.</p>"", 'Size': 170, 'MIME': None}, {'Headers': {}, 'Body': '--', 'Size': 2, 'MIME': None}]","[{'Headers': {'Content-Transfer-Encoding': ['7bit'], 'Content-Type': ['text/html; charset=""us-ascii""'], 'MIME-Version': ['1.0']}, 'Body': ""<p>This is an email sent to an address with 'data' in the TO field.</p>"", 'Size': 170, 'MIME': None}, {'Headers': {}, 'Body': '--', 'Size': 2, 'MIME': None}]","[{'Headers': {'Content-Transfer-Encoding': ['7bit'], 'Content-Type': ['text/html; charset=""us-ascii""'], 'MIME-Version': ['1.0']}, 'Body': ""<p>This is an email sent to an address with 'data' in the TO field.</p>"", 'Size': 170, 'MIME': None}, {'Headers': {}, 'Body': '--', 'Size': 2, 'MIME': None}]",469
42,U1RXJb8Er2xEDrw-DSg4_SSp8oIZdIIX5BZe37qxo_M=@mailhog.example,"Sat, 08 Oct 2022 20:09:22 -0700 (UTC)",test@test.com,admin@example.com,Plain Text Email,"This is a plain text email.

Sincerely,
Adam Presley",,,,271
43,4sY6jeNrWgCP1M1v6YzBeM6M3SYzK5hNbeMGtyYoNtQ=@mailhog.example,"Sat, 08 Oct 2022 20:09:22 -0700 (UTC)",test@test.com,admin@example.com,Weird TO Address,"--===============1668856794445279755==
Content-Type: text/html; charset=""us-ascii""
MIME-Version: 1.0
Content-Transfer-Encoding: 7bit

<p>This is an email sent to an address with 'data' in the TO field.</p>
--===============1668856794445279755==--","[{'Headers': {'Content-Transfer-Encoding': ['7bit'], 'Content-Type': ['text/html; charset=""us-ascii""'], 'MIME-Version': ['1.0']}, 'Body': ""<p>This is an email sent to an address with 'data' in the TO field.</p>"", 'Size': 170, 'MIME': None}, {'Headers': {}, 'Body': '--', 'Size': 2, 'MIME': None}]","[{'Headers': {'Content-Transfer-Encoding': ['7bit'], 'Content-Type': ['text/html; charset=""us-ascii""'], 'MIME-Version': ['1.0']}, 'Body': ""<p>This is an email sent to an address with 'data' in the TO field.</p>"", 'Size': 170, 'MIME': None}, {'Headers': {}, 'Body': '--', 'Size': 2, 'MIME': None}]","[{'Headers': {'Content-Transfer-Encoding': ['7bit'], 'Content-Type': ['text/html; charset=""us-ascii""'], 'MIME-Version': ['1.0']}, 'Body': ""<p>This is an email sent to an address with 'data' in the TO field.</p>"", 'Size': 170, 'MIME': None}, {'Headers': {}, 'Body': '--', 'Size': 2, 'MIME': None}]",469
44,0dxx60AM4BWu-4g9888kzi8Oflf9ugepNBLw4d8lZU0=@mailhog.example,"Sat, 08 Oct 2022 20:09:22 -0700 (UTC)",test@test.com,admin@example.com,Plain Text Email,"This is a plain text email.

Sincerely,
Adam Presley",,,,271
45,S88yV4IDgSicOoCdOWeCcMMavQW20n5Z7c7kbkvkjUk=@mailhog.example,"Sat, 08 Oct 2022 20:09:22 -0700 (UTC)",test@gmail.com,admin@example.com,=?utf-8?b?UGxhaW4gVGV4dCBFbWFpbCB3aXRoIHNwZWNpYWwgY2hhcmFjdGVycyAow6EsIMOpLCDDrSwgw7MsIMO6KQ==?=,"VGhpcyBpcyBhIHBsYWluIHRleHQgZW1haWwgd2l0aCBzcGVjaWFsIGNoYXJhY3RlcnMgaW4gdGhl
IHN1YmplY3QuCijDoSwgw6ksIMOtLCDDsywgw7opCgpTaW5jZXJlbHksCkFkYW0gUHJlc2xleQ==",,,,450
46,l8CJMbjqrB_5xenaNK8RzssU7cd4M3nFBpMpo1K0bxo=@mailhog.example,"Sat, 08 Oct 2022 20:09:22 -0700 (UTC)",test@test.com,admin@example.com,Weird TO Address,"--===============1668856794445279755==
Content-Type: text/html; charset=""us-ascii""
MIME-Version: 1.0
Content-Transfer-Encoding: 7bit

<p>This is an email sent to an address with 'data' in the TO field.</p>
--===============1668856794445279755==--","[{'Headers': {'Content-Transfer-Encoding': ['7bit'], 'Content-Type': ['text/html; charset=""us-ascii""'], 'MIME-Version': ['1.0']}, 'Body': ""<p>This is an email sent to an address with 'data' in the TO field.</p>"", 'Size': 170, 'MIME': None}, {'Headers': {}, 'Body': '--', 'Size': 2, 'MIME': None}]","[{'Headers': {'Content-Transfer-Encoding': ['7bit'], 'Content-Type': ['text/html; charset=""us-ascii""'], 'MIME-Version': ['1.0']}, 'Body': ""<p>This is an email sent to an address with 'data' in the TO field.</p>"", 'Size': 170, 'MIME': None}, {'Headers': {}, 'Body': '--', 'Size': 2, 'MIME': None}]","[{'Headers': {'Content-Transfer-Encoding': ['7bit'], 'Content-Type': ['text/html; charset=""us-ascii""'], 'MIME-Version': ['1.0']}, 'Body': ""<p>This is an email sent to an address with 'data' in the TO field.</p>"", 'Size': 170, 'MIME': None}, {'Headers': {}, 'Body': '--', 'Size': 2, 'MIME': None}]",469
47,HNrbCLoVPIc_xE2SeaWdv5f9jB2ZUXTa1X32hp5ORfk=@mailhog.example,"Sat, 08 Oct 2022 20:09:22 -0700 (UTC)",test@gmail.com,admin@example.com,=?utf-8?b?UGxhaW4gVGV4dCBFbWFpbCB3aXRoIHNwZWNpYWwgY2hhcmFjdGVycyAow6EsIMOpLCDDrSwgw7MsIMO6KQ==?=,"VGhpcyBpcyBhIHBsYWluIHRleHQgZW1haWwgd2l0aCBzcGVjaWFsIGNoYXJhY3RlcnMgaW4gdGhl
IHN1YmplY3QuCijDoSwgw6ksIMOtLCDDsywgw7opCgpTaW5jZXJlbHksCkFkYW0gUHJlc2xleQ==",,,,450
48,IpFNEqgriAkdJT-iE--T72StUmIbC6GTWOrpwdutEzY=@mailhog.example,"Sat, 08 Oct 2022 20:09:22 -0700 (UTC)",test@test.com,admin@example.com,Plain Text Email,"This is a plain text email.

Sincerely,
Adam Presley",,,,271
49,dT_QiIw2uMSMqZP9za0YtwKnZEdtfxNqExRKWFH4uHo=@mailhog.example,"Sat, 08 Oct 2022 20:09:22 -0700 (UTC)",test@test.com,admin@example.com,Weird TO Address,"--===============1668856794445279755==
Content-Type: text/html; charset=""us-ascii""
MIME-Version: 1.0
Content-Transfer-Encoding: 7bit

<p>This is an email sent to an address with 'data' in the TO field.</p>
--===============1668856794445279755==--","[{'Headers': {'Content-Transfer-Encoding': ['7bit'], 'Content-Type': ['text/html; charset=""us-ascii""'], 'MIME-Version': ['1.0']}, 'Body': ""<p>This is an email sent to an address with 'data' in the TO field.</p>"", 'Size': 170, 'MIME': None}, {'Headers': {}, 'Body': '--', 'Size': 2, 'MIME': None}]","[{'Headers': {'Content-Transfer-Encoding': ['7bit'], 'Content-Type': ['text/html; charset=""us-ascii""'], 'MIME-Version': ['1.0']}, 'Body': ""<p>This is an email sent to an address with 'data' in the TO field.</p>"", 'Size': 170, 'MIME': None}, {'Headers': {}, 'Body': '--', 'Size': 2, 'MIME': None}]","[{'Headers': {'Content-Transfer-Encoding': ['7bit'], 'Content-Type': ['text/html; charset=""us-ascii""'], 'MIME-Version': ['1.0']}, 'Body': ""<p>This is an email sent to an address with 'data' in the TO field.</p>"", 'Size': 170, 'MIME': None}, {'Headers': {}, 'Body': '--', 'Size': 2, 'MIME': None}]",469
